framework,nx,ny,nz,num_iter,device,repetition,time,time_per_work
numba,16,16,64,1024,cpu,0,4.227389335632324,0.0002580193686299026
numba,16,16,64,1024,cpu,1,4.1507251262664795,0.00025334015663247555
numba,16,16,64,1024,cpu,2,4.182382583618164,0.00025527237448841333
numba,16,16,64,1024,cpu,3,4.18695592880249,0.00025555150932632387
numba,16,16,64,1024,cpu,4,4.2152040004730225,0.000257275634794496
numba,16,16,64,1024,cpu,5,4.24218225479126,0.00025892225676216185
numba,16,16,64,1024,cpu,6,4.2728447914123535,0.00026079374947585166
numba,16,16,64,1024,cpu,7,4.3437933921813965,0.00026512410840950906
numba,16,16,64,1024,cpu,8,4.123678922653198,0.0002516893873689696
numba,16,16,64,1024,cpu,9,4.184272766113281,0.0002553877420723438
numba,32,32,64,1024,cpu,0,4.299877643585205,6.56109259580262e-05
numba,32,32,64,1024,cpu,1,4.391709089279175,6.701216261717491e-05
numba,32,32,64,1024,cpu,2,4.157567977905273,6.343945278786123e-05
numba,32,32,64,1024,cpu,3,4.257219314575195,6.496001151390374e-05
numba,32,32,64,1024,cpu,4,4.186714172363281,6.388418842107058e-05
numba,32,32,64,1024,cpu,5,4.263599157333374,6.50573601888027e-05
numba,32,32,64,1024,cpu,6,4.170125484466553,6.363106513163075e-05
numba,32,32,64,1024,cpu,7,4.2777321338653564,6.527301229652949e-05
numba,32,32,64,1024,cpu,8,4.149386405944824,6.331461190711707e-05
numba,32,32,64,1024,cpu,9,4.262315273284912,6.503776967292652e-05
numba,64,64,64,1024,cpu,0,4.447577238082886,1.6966160728770774e-05
numba,64,64,64,1024,cpu,1,4.3880455493927,1.6739065358706284e-05
numba,64,64,64,1024,cpu,2,4.3596765995025635,1.6630846403131727e-05
numba,64,64,64,1024,cpu,3,4.141128063201904,1.5797149899299257e-05
numba,64,64,64,1024,cpu,4,4.325575113296509,1.650075955694774e-05
numba,64,64,64,1024,cpu,5,4.471397399902344,1.7057027434930205e-05
numba,64,64,64,1024,cpu,6,4.381572961807251,1.6714374396542553e-05
numba,64,64,64,1024,cpu,7,4.34768271446228,1.6585093362664338e-05
numba,64,64,64,1024,cpu,8,4.342390775680542,1.6564906218263786e-05
numba,64,64,64,1024,cpu,9,4.38559627532959,1.672972211963497e-05
numba,128,128,64,1024,cpu,0,4.545295476913452,4.3347315568098566e-06
numba,128,128,64,1024,cpu,1,4.648971319198608,4.433604544828995e-06
numba,128,128,64,1024,cpu,2,4.647504806518555,4.432205969351344e-06
numba,128,128,64,1024,cpu,3,4.6810479164123535,4.464195171749452e-06
numba,128,128,64,1024,cpu,4,4.560081243515015,4.348832362666144e-06
numba,128,128,64,1024,cpu,5,4.608561038970947,4.395066298457095e-06
numba,128,128,64,1024,cpu,6,4.484141826629639,4.276410891179694e-06
numba,128,128,64,1024,cpu,7,4.632965803146362,4.41834049524914e-06
numba,128,128,64,1024,cpu,8,4.4754798412323,4.268150178177166e-06
numba,128,128,64,1024,cpu,9,4.527009725570679,4.3172929053980624e-06
numba,256,256,64,1024,cpu,0,5.104079961776733,1.2169074921075662e-06
numba,256,256,64,1024,cpu,1,5.13311243057251,1.2238293720656657e-06
numba,256,256,64,1024,cpu,2,5.194525241851807,1.238471327269508e-06
numba,256,256,64,1024,cpu,3,5.032745122909546,1.1998999411844125e-06
numba,256,256,64,1024,cpu,4,5.22074556350708,1.2447227391021443e-06
numba,256,256,64,1024,cpu,5,5.198133945465088,1.2393317092573852e-06
numba,256,256,64,1024,cpu,6,5.190070629119873,1.2374092648315127e-06
numba,256,256,64,1024,cpu,7,5.121116399765015,1.2209692954456841e-06
numba,256,256,64,1024,cpu,8,5.309520244598389,1.2658882724281284e-06
numba,256,256,64,1024,cpu,9,5.279683589935303,1.2587746596182114e-06
numba,512,512,64,1024,cpu,0,9.141565084457397,5.44879739550197e-07
numba,512,512,64,1024,cpu,1,9.249949932098389,5.513399798928731e-07
numba,512,512,64,1024,cpu,2,9.678478479385376,5.768822717300282e-07
numba,512,512,64,1024,cpu,3,10.252848386764526,6.111173860290364e-07
numba,512,512,64,1024,cpu,4,9.168624639511108,5.464926147169535e-07
numba,512,512,64,1024,cpu,5,10.426278829574585,6.214546459659687e-07
numba,512,512,64,1024,cpu,6,8.973766088485718,5.348781400016378e-07
numba,512,512,64,1024,cpu,7,9.581702947616577,5.711140005359994e-07
numba,512,512,64,1024,cpu,8,9.546620607376099,5.690229301080763e-07
numba,512,512,64,1024,cpu,9,9.002655506134033,5.366000834783335e-07
jax,16,16,64,1024,cpu,0,0.16868185997009277,1.0295523679815233e-05
jax,16,16,64,1024,cpu,1,0.16689825057983398,1.018666080199182e-05
jax,16,16,64,1024,cpu,2,0.15959811210632324,9.741095709614456e-06
jax,16,16,64,1024,cpu,3,0.16055536270141602,9.799521649256349e-06
jax,16,16,64,1024,cpu,4,0.16741633415222168,1.0218282113783062e-05
jax,16,16,64,1024,cpu,5,0.1640312671661377,1.0011674021370709e-05
jax,16,16,64,1024,cpu,6,0.16689467430114746,1.0186442523263395e-05
jax,16,16,64,1024,cpu,7,0.16129016876220703,9.844370651990175e-06
jax,16,16,64,1024,cpu,8,0.18991565704345703,1.1591531801968813e-05
jax,16,16,64,1024,cpu,9,0.16024088859558105,9.780327673070133e-06
jax,32,32,64,1024,cpu,0,0.2417612075805664,3.6889832699671388e-06
jax,32,32,64,1024,cpu,1,0.22970271110534668,3.504985215840861e-06
jax,32,32,64,1024,cpu,2,0.23984813690185547,3.659792128019035e-06
jax,32,32,64,1024,cpu,3,0.23653388023376465,3.609220584621653e-06
jax,32,32,64,1024,cpu,4,0.23184442520141602,3.537665179464966e-06
jax,32,32,64,1024,cpu,5,0.23903632164001465,3.6474048101808876e-06
jax,32,32,64,1024,cpu,6,0.2524087429046631,3.8514517655130476e-06
jax,32,32,64,1024,cpu,7,0.23730182647705078,3.6209385143592954e-06
jax,32,32,64,1024,cpu,8,0.24003362655639648,3.6626224755309522e-06
jax,32,32,64,1024,cpu,9,0.23745203018188477,3.623230441007763e-06
jax,64,64,64,1024,cpu,0,0.5066404342651367,1.9326798792462796e-06
jax,64,64,64,1024,cpu,1,0.5037515163421631,1.921659531944897e-06
jax,64,64,64,1024,cpu,2,0.5100369453430176,1.9456365407677367e-06
jax,64,64,64,1024,cpu,3,0.5019843578338623,1.914918357215356e-06
jax,64,64,64,1024,cpu,4,0.5067148208618164,1.9329636415932328e-06
jax,64,64,64,1024,cpu,5,0.5026872158050537,1.9175995475961827e-06
jax,64,64,64,1024,cpu,6,0.5109157562255859,1.9489889382384717e-06
jax,64,64,64,1024,cpu,7,0.5139503479003906,1.9605649868026376e-06
jax,64,64,64,1024,cpu,8,0.8522744178771973,3.251168891438283e-06
jax,64,64,64,1024,cpu,9,0.5045642852783203,1.924759999383241e-06
jax,128,128,64,1024,cpu,0,1.4261157512664795,1.3600499642052455e-06
jax,128,128,64,1024,cpu,1,2.1601197719573975,2.0600507468770957e-06
jax,128,128,64,1024,cpu,2,1.4213459491729736,1.3555011264543282e-06
jax,128,128,64,1024,cpu,3,1.60347318649292,1.5291911950043868e-06
jax,128,128,64,1024,cpu,4,1.4228200912475586,1.3569069778895937e-06
jax,128,128,64,1024,cpu,5,1.430605411529541,1.364331637887517e-06
jax,128,128,64,1024,cpu,6,1.4246387481689453,1.3586413842858747e-06
jax,128,128,64,1024,cpu,7,1.4226059913635254,1.3567027963290457e-06
jax,128,128,64,1024,cpu,8,1.4288265705108643,1.362635202895035e-06
jax,128,128,64,1024,cpu,9,1.446183681488037,1.3791882338409778e-06
jax,256,256,64,1024,cpu,0,4.990979194641113,1.189942167911795e-06
jax,256,256,64,1024,cpu,1,5.004856109619141,1.1932506822631694e-06
jax,256,256,64,1024,cpu,2,6.045089244842529,1.4412615882974933e-06
jax,256,256,64,1024,cpu,3,5.01540470123291,1.195765662487247e-06
jax,256,256,64,1024,cpu,4,5.059524774551392,1.2062847076776961e-06
jax,256,256,64,1024,cpu,5,5.007969379425049,1.1939929436266539e-06
jax,256,256,64,1024,cpu,6,4.996769428253174,1.1913226671822486e-06
jax,256,256,64,1024,cpu,7,5.009418964385986,1.1943385516133276e-06
jax,256,256,64,1024,cpu,8,5.093330383300781,1.214344592881389e-06
jax,256,256,64,1024,cpu,9,5.013208866119385,1.195242134599539e-06
jax,512,512,64,1024,cpu,0,21.855440855026245,1.302685788573399e-06
jax,512,512,64,1024,cpu,1,19.40350914001465,1.1565392696866184e-06
jax,512,512,64,1024,cpu,2,21.678414583206177,1.292134200525652e-06
jax,512,512,64,1024,cpu,3,23.76252317428589,1.416356752770298e-06
jax,512,512,64,1024,cpu,4,20.854089975357056,1.243000625095192e-06
jax,512,512,64,1024,cpu,5,19.44458508491516,1.158987586791227e-06
jax,512,512,64,1024,cpu,6,20.001259803771973,1.1921679856641276e-06
jax,512,512,64,1024,cpu,7,19.35572862625122,1.1536913291365636e-06
jax,512,512,64,1024,cpu,8,19.335659980773926,1.1524951446517662e-06
jax,512,512,64,1024,cpu,9,19.45689845085144,1.1597215205938483e-06
jax,16,16,64,1024,gpu,0,0.16310477256774902,9.955125278793275e-06
jax,16,16,64,1024,gpu,1,0.16794872283935547,1.0250776540488005e-05
jax,16,16,64,1024,gpu,2,0.15862560272216797,9.681738447397947e-06
jax,16,16,64,1024,gpu,3,0.1580820083618164,9.648560080677271e-06
jax,16,16,64,1024,gpu,4,0.16196346282958984,9.885465260595083e-06
jax,16,16,64,1024,gpu,5,0.14467763900756836,8.83042230270803e-06
jax,16,16,64,1024,gpu,6,0.136549711227417,8.334332960657775e-06
jax,16,16,64,1024,gpu,7,0.13671445846557617,8.344388334080577e-06
jax,16,16,64,1024,gpu,8,0.1626114845275879,9.925017366185784e-06
jax,16,16,64,1024,gpu,9,0.13595938682556152,8.298302418552339e-06
jax,32,32,64,1024,gpu,0,0.1374220848083496,2.0968946046195924e-06
jax,32,32,64,1024,gpu,1,0.16312098503112793,2.489028702257201e-06
jax,32,32,64,1024,gpu,2,0.1636044979095459,2.496406523277983e-06
jax,32,32,64,1024,gpu,3,0.14603948593139648,2.2283857106231153e-06
jax,32,32,64,1024,gpu,4,0.1445140838623047,2.2051099222153425e-06
jax,32,32,64,1024,gpu,5,0.16620898246765137,2.536147803766653e-06
jax,32,32,64,1024,gpu,6,0.1623854637145996,2.477805537637323e-06
jax,32,32,64,1024,gpu,7,0.14379215240478516,2.194094122387469e-06
jax,32,32,64,1024,gpu,8,0.16305184364318848,2.4879736884031445e-06
jax,32,32,64,1024,gpu,9,0.17295312881469727,2.6390553102828562e-06
jax,64,64,64,1024,gpu,0,0.15024375915527344,5.731344572268426e-07
jax,64,64,64,1024,gpu,1,0.1688556671142578,6.441332516260445e-07
jax,64,64,64,1024,gpu,2,0.1705777645111084,6.507025318569504e-07
jax,64,64,64,1024,gpu,3,0.16841363906860352,6.424470484489575e-07
jax,64,64,64,1024,gpu,4,0.14466071128845215,5.51836819795426e-07
jax,64,64,64,1024,gpu,5,0.14587140083312988,5.564552338910289e-07
jax,64,64,64,1024,gpu,6,0.16209721565246582,6.183518053148873e-07
jax,64,64,64,1024,gpu,7,0.1473698616027832,5.621714080916718e-07
jax,64,64,64,1024,gpu,8,0.17018842697143555,6.492173270089552e-07
jax,64,64,64,1024,gpu,9,0.1703348159790039,6.497757567558438e-07
jax,128,128,64,1024,gpu,0,0.17862176895141602,1.703469934000168e-07
jax,128,128,64,1024,gpu,1,0.1770784854888916,1.6887520359887276e-07
jax,128,128,64,1024,gpu,2,0.17798376083374023,1.697385414445307e-07
jax,128,128,64,1024,gpu,3,0.18288135528564453,1.7440925148548558e-07
jax,128,128,64,1024,gpu,4,0.17975878715515137,1.7143133845820557e-07
jax,128,128,64,1024,gpu,5,0.15248727798461914,1.4542320059263147e-07
jax,128,128,64,1024,gpu,6,0.15708160400390625,1.4980469131842256e-07
jax,128,128,64,1024,gpu,7,0.1787731647491455,1.7049137568392325e-07
jax,128,128,64,1024,gpu,8,0.16049671173095703,1.530615918454714e-07
jax,128,128,64,1024,gpu,9,0.15895557403564453,1.5159184840740636e-07
jax,256,256,64,1024,gpu,0,0.20302176475524902,4.840416067963815e-08
jax,256,256,64,1024,gpu,1,0.21305346488952637,5.079590437162551e-08
jax,256,256,64,1024,gpu,2,0.1933581829071045,4.610018322637188e-08
jax,256,256,64,1024,gpu,3,0.21521520614624023,5.131130365043646e-08
jax,256,256,64,1024,gpu,4,0.21587681770324707,5.14690441377752e-08
jax,256,256,64,1024,gpu,5,0.2120497226715088,5.055659357822151e-08
jax,256,256,64,1024,gpu,6,0.21630454063415527,5.157102123121149e-08
jax,256,256,64,1024,gpu,7,0.19050288200378418,4.5419426442094846e-08
jax,256,256,64,1024,gpu,8,0.23379111289978027,5.574014494413859e-08
jax,256,256,64,1024,gpu,9,0.1930997371673584,4.6038564960326767e-08
jax,512,512,64,1024,gpu,0,0.37241029739379883,2.219738348685496e-08
jax,512,512,64,1024,gpu,1,0.37242960929870605,2.219853456608689e-08
jax,512,512,64,1024,gpu,2,0.37128210067749023,2.2130137722342624e-08
jax,512,512,64,1024,gpu,3,0.3777461051940918,2.251542241538118e-08
jax,512,512,64,1024,gpu,4,0.3728926181793213,2.2226132045943814e-08
jax,512,512,64,1024,gpu,5,0.3692147731781006,2.2006915401107108e-08
jax,512,512,64,1024,gpu,6,0.3996083736419678,2.381851516020106e-08
jax,512,512,64,1024,gpu,7,0.38211965560913086,2.2776106334276847e-08
jax,512,512,64,1024,gpu,8,0.40056824684143066,2.3875728061284462e-08
jax,512,512,64,1024,gpu,9,0.3994903564453125,2.3811480787117034e-08
torch,16,16,64,1024,cpu,0,0.2429819107055664,1.4830438885837793e-05
torch,16,16,64,1024,cpu,1,0.23012137413024902,1.4045494026504457e-05
torch,16,16,64,1024,cpu,2,0.21023178100585938,1.2831529602408409e-05
torch,16,16,64,1024,cpu,3,0.2382047176361084,1.4538862160407007e-05
torch,16,16,64,1024,cpu,4,0.22613835334777832,1.380238973069936e-05
torch,16,16,64,1024,cpu,5,0.24316692352294922,1.4841731172055006e-05
torch,16,16,64,1024,cpu,6,0.2292921543121338,1.3994882465340197e-05
torch,16,16,64,1024,cpu,7,0.2363429069519043,1.442522625438869e-05
torch,16,16,64,1024,cpu,8,0.21709609031677246,1.3250493793748319e-05
torch,16,16,64,1024,cpu,9,0.24752521514892578,1.5107740182429552e-05
torch,32,32,64,1024,cpu,0,12.054157495498657,0.0001839318465499673
torch,32,32,64,1024,cpu,1,12.82825231552124,0.0001957435961230658
torch,32,32,64,1024,cpu,2,13.175154447555542,0.00020103690258110873
torch,32,32,64,1024,cpu,3,12.929755449295044,0.000197292411030503
torch,32,32,64,1024,cpu,4,12.496551275253296,0.00019068223991780542
torch,32,32,64,1024,cpu,5,12.36302375793457,0.00018864477169699967
torch,32,32,64,1024,cpu,6,12.891991376876831,0.0001967161770153325
torch,32,32,64,1024,cpu,7,12.585220575332642,0.00019203522606403567
torch,32,32,64,1024,cpu,8,12.530065536499023,0.0001911936269607395
torch,32,32,64,1024,cpu,9,12.904521226882935,0.0001969073673535604
torch,64,64,64,1024,cpu,0,12.360292434692383,4.7150773752946407e-05
torch,64,64,64,1024,cpu,1,12.350775718688965,4.711447036243044e-05
torch,64,64,64,1024,cpu,2,12.442051887512207,4.7462661314057186e-05
torch,64,64,64,1024,cpu,3,12.99715781211853,4.9580222366785165e-05
torch,64,64,64,1024,cpu,4,12.686021327972412,4.839333087147679e-05
torch,64,64,64,1024,cpu,5,12.811070442199707,4.887035538558848e-05
torch,64,64,64,1024,cpu,6,12.464813232421875,4.7549488954246044e-05
torch,64,64,64,1024,cpu,7,12.802136421203613,4.883627480012365e-05
torch,64,64,64,1024,cpu,8,12.679393291473389,4.8368046918767504e-05
torch,64,64,64,1024,cpu,9,12.619045734405518,4.813783925783355e-05
torch,128,128,64,1024,cpu,0,13.178940534591675,1.2568417105285334e-05
torch,128,128,64,1024,cpu,1,13.048354387283325,1.2443880450518918e-05
torch,128,128,64,1024,cpu,2,13.111414194107056,1.250401896868425e-05
torch,128,128,64,1024,cpu,3,13.061783075332642,1.2456687045414583e-05
torch,128,128,64,1024,cpu,4,12.878188133239746,1.2281597264518496e-05
torch,128,128,64,1024,cpu,5,12.97003173828125,1.2369186151772738e-05
torch,128,128,64,1024,cpu,6,12.53557300567627,1.1954854016948957e-05
torch,128,128,64,1024,cpu,7,12.84810471534729,1.2252907481524744e-05
torch,128,128,64,1024,cpu,8,12.7208731174469,1.2131569974371814e-05
torch,128,128,64,1024,cpu,9,13.330057382583618,1.2712533361991518e-05
torch,256,256,64,1024,cpu,0,15.048293590545654,3.587792775761045e-06
torch,256,256,64,1024,cpu,1,15.210838079452515,3.6265464018470084e-06
torch,256,256,64,1024,cpu,2,14.6365966796875,3.4896365832537413e-06
torch,256,256,64,1024,cpu,3,14.684696912765503,3.5011045724786527e-06
torch,256,256,64,1024,cpu,4,14.976639032363892,3.570708997813199e-06
torch,256,256,64,1024,cpu,5,14.602354288101196,3.4814725609066954e-06
torch,256,256,64,1024,cpu,6,15.044168472290039,3.5868092709279153e-06
torch,256,256,64,1024,cpu,7,15.057421207427979,3.5899689692087122e-06
torch,256,256,64,1024,cpu,8,14.724276304244995,3.5105410347568977e-06
torch,256,256,64,1024,cpu,9,14.804498672485352,3.529667537804926e-06
torch,512,512,64,1024,cpu,0,18.362178802490234,1.094471144824638e-06
torch,512,512,64,1024,cpu,1,18.213730335235596,1.085622926666474e-06
torch,512,512,64,1024,cpu,2,17.411261796951294,1.0377920744986113e-06
torch,512,512,64,1024,cpu,3,18.496331691741943,1.1024672801340785e-06
torch,512,512,64,1024,cpu,4,18.11620044708252,1.0798096923281264e-06
torch,512,512,64,1024,cpu,5,18.30318260192871,1.0909546972470707e-06
torch,512,512,64,1024,cpu,6,17.69350790977478,1.05461525379269e-06
torch,512,512,64,1024,cpu,7,18.13191843032837,1.0807465571360808e-06
torch,512,512,64,1024,cpu,8,18.10666251182556,1.0792411870852447e-06
torch,512,512,64,1024,cpu,9,17.814140558242798,1.0618055199529408e-06
torch,16,16,64,1024,gpu,0,0.3437786102294922,2.0982581190764904e-05
torch,16,16,64,1024,gpu,1,0.3929328918457031,2.398272044956684e-05
torch,16,16,64,1024,gpu,2,0.41901206970214844,2.557446714490652e-05
torch,16,16,64,1024,gpu,3,0.41261959075927734,2.518430119380355e-05
torch,16,16,64,1024,gpu,4,0.41184353828430176,2.5136934709735215e-05
torch,16,16,64,1024,gpu,5,0.2839934825897217,1.7333586583845317e-05
torch,16,16,64,1024,gpu,6,0.3399238586425781,2.074730582535267e-05
torch,16,16,64,1024,gpu,7,0.3219480514526367,1.965014962479472e-05
torch,16,16,64,1024,gpu,8,0.393038272857666,2.398915239609778e-05
torch,16,16,64,1024,gpu,9,0.2783355712890625,1.6988255083560944e-05
torch,32,32,64,1024,gpu,0,0.43768882751464844,6.678601494058967e-06
torch,32,32,64,1024,gpu,1,0.32885193824768066,5.017882358515635e-06
torch,32,32,64,1024,gpu,2,0.3667292594909668,5.5958444136194885e-06
torch,32,32,64,1024,gpu,3,0.32175111770629883,4.909532435704023e-06
torch,32,32,64,1024,gpu,4,0.2827341556549072,4.314180841902271e-06
torch,32,32,64,1024,gpu,5,0.31545042991638184,4.81339156976901e-06
torch,32,32,64,1024,gpu,6,0.353987455368042,5.401419912232086e-06
torch,32,32,64,1024,gpu,7,0.4090275764465332,6.2412655097432435e-06
torch,32,32,64,1024,gpu,8,0.40016865730285645,6.106089131208137e-06
torch,32,32,64,1024,gpu,9,0.322190523147583,4.916237230645493e-06
torch,64,64,64,1024,gpu,0,0.40360307693481445,1.5396235539810732e-06
torch,64,64,64,1024,gpu,1,0.38796186447143555,1.479957063565962e-06
torch,64,64,64,1024,gpu,2,0.313997745513916,1.19780634122435e-06
torch,64,64,64,1024,gpu,3,0.40192556381225586,1.5332243492593989e-06
torch,64,64,64,1024,gpu,4,0.39984846115112305,1.5253008314175531e-06
torch,64,64,64,1024,gpu,5,0.2800421714782715,1.0682761057978496e-06
torch,64,64,64,1024,gpu,6,0.2897977828979492,1.1054908100049943e-06
torch,64,64,64,1024,gpu,7,0.33112645149230957,1.2631471690838225e-06
torch,64,64,64,1024,gpu,8,0.4288058280944824,1.635764419916086e-06
torch,64,64,64,1024,gpu,9,0.39249587059020996,1.4972529243095778e-06
torch,128,128,64,1024,gpu,0,0.271759033203125,2.5916961021721363e-07
torch,128,128,64,1024,gpu,1,0.31462574005126953,3.00050487567205e-07
torch,128,128,64,1024,gpu,2,0.2759883403778076,2.632029918459011e-07
torch,128,128,64,1024,gpu,3,0.3195486068725586,3.0474529921775684e-07
torch,128,128,64,1024,gpu,4,0.4311184883117676,4.111466296308208e-07
torch,128,128,64,1024,gpu,5,0.32223010063171387,3.0730257094546687e-07
torch,128,128,64,1024,gpu,6,0.3889467716217041,3.709285465447465e-07
torch,128,128,64,1024,gpu,7,0.3996434211730957,3.811296664935071e-07
torch,128,128,64,1024,gpu,8,0.333233118057251,3.1779586606717203e-07
torch,128,128,64,1024,gpu,9,0.30610132217407227,2.9192096917540766e-07
torch,256,256,64,1024,gpu,0,0.3343627452850342,7.971829063535552e-08
torch,256,256,64,1024,gpu,1,0.3306291103363037,7.882812269599526e-08
torch,256,256,64,1024,gpu,2,0.3273587226867676,7.804840151948156e-08
torch,256,256,64,1024,gpu,3,0.3491067886352539,8.323354450112674e-08
torch,256,256,64,1024,gpu,4,0.4099595546722412,9.774197451406508e-08
torch,256,256,64,1024,gpu,5,0.30129361152648926,7.183399475252372e-08
torch,256,256,64,1024,gpu,6,0.3280010223388672,7.820153768989258e-08
torch,256,256,64,1024,gpu,7,0.30464887619018555,7.263395218615187e-08
torch,256,256,64,1024,gpu,8,0.34613800048828125,8.252573024947196e-08
torch,256,256,64,1024,gpu,9,0.31548118591308594,7.521657607867382e-08
torch,512,512,64,1024,gpu,0,0.9864962100982666,5.87997561751763e-08
torch,512,512,64,1024,gpu,1,0.9870483875274658,5.8832668514696707e-08
torch,512,512,64,1024,gpu,2,0.98641037940979,5.8794640267478826e-08
torch,512,512,64,1024,gpu,3,0.9857497215270996,5.8755261989063e-08
torch,512,512,64,1024,gpu,4,0.9855470657348633,5.874318276255508e-08
torch,512,512,64,1024,gpu,5,0.9860544204711914,5.877342346138903e-08
torch,512,512,64,1024,gpu,6,0.9878575801849365,5.88809001556001e-08
torch,512,512,64,1024,gpu,7,0.9878296852111816,5.8879237485598424e-08
torch,512,512,64,1024,gpu,8,0.9883520603179932,5.891037346827943e-08
torch,512,512,64,1024,gpu,9,0.9845864772796631,5.868592722890753e-08
gt4py,16,16,64,1024,cpu,0,1.0809812545776367,6.597785977646708e-05
gt4py,16,16,64,1024,cpu,1,0.9908442497253418,6.0476333601400256e-05
gt4py,16,16,64,1024,cpu,2,0.9776229858398438,5.96693716943264e-05
gt4py,16,16,64,1024,cpu,3,1.0268371105194092,6.267316348385066e-05
gt4py,16,16,64,1024,cpu,4,1.0233006477355957,6.245731492526829e-05
gt4py,16,16,64,1024,cpu,5,1.0722792148590088,6.544672942254692e-05
gt4py,16,16,64,1024,cpu,6,1.0112791061401367,6.172357825562358e-05
gt4py,16,16,64,1024,cpu,7,1.0741803646087646,6.556276639457792e-05
gt4py,16,16,64,1024,cpu,8,0.9676978588104248,5.906359001528472e-05
gt4py,16,16,64,1024,cpu,9,1.051725149154663,6.419220881070942e-05
gt4py,32,32,64,1024,cpu,0,1.2636191844940186,1.92812985915225e-05
gt4py,32,32,64,1024,cpu,1,1.0440568923950195,1.5931043890304863e-05
gt4py,32,32,64,1024,cpu,2,1.2373285293579102,1.888013503048569e-05
gt4py,32,32,64,1024,cpu,3,1.1579453945159912,1.7668844520812854e-05
gt4py,32,32,64,1024,cpu,4,1.2638113498687744,1.9284230802441016e-05
gt4py,32,32,64,1024,cpu,5,1.1524708271026611,1.7585309251444414e-05
gt4py,32,32,64,1024,cpu,6,1.2507104873657227,1.9084327504970133e-05
gt4py,32,32,64,1024,cpu,7,1.2368454933166504,1.8872764485422522e-05
gt4py,32,32,64,1024,cpu,8,1.2352180480957031,1.8847931642085314e-05
gt4py,32,32,64,1024,cpu,9,1.2677536010742188,1.9344384782016277e-05
gt4py,64,64,64,1024,cpu,0,1.479598045349121,5.644218617817387e-06
gt4py,64,64,64,1024,cpu,1,1.4962728023529053,5.707827767764684e-06
gt4py,64,64,64,1024,cpu,2,1.3144769668579102,5.014331691199914e-06
gt4py,64,64,64,1024,cpu,3,1.3254039287567139,5.056014742876869e-06
gt4py,64,64,64,1024,cpu,4,1.6966583728790283,6.472238055721391e-06
gt4py,64,64,64,1024,cpu,5,1.3514301776885986,5.155297003511805e-06
gt4py,64,64,64,1024,cpu,6,1.360368251800537,5.18939305038657e-06
gt4py,64,64,64,1024,cpu,7,1.3556699752807617,5.171470547793433e-06
gt4py,64,64,64,1024,cpu,8,1.3660144805908203,5.210931703913957e-06
gt4py,64,64,64,1024,cpu,9,1.3419063091278076,5.118966328154784e-06
gt4py,128,128,64,1024,cpu,0,1.834524154663086,1.7495385691290721e-06
gt4py,128,128,64,1024,cpu,1,1.7918064594268799,1.7087998003262328e-06
gt4py,128,128,64,1024,cpu,2,1.8171443939208984,1.7329639376839623e-06
gt4py,128,128,64,1024,cpu,3,2.1904358863830566,2.08896244657808e-06
gt4py,128,128,64,1024,cpu,4,1.8750743865966797,1.788210283848457e-06
gt4py,128,128,64,1024,cpu,5,1.917583703994751,1.828750328058959e-06
gt4py,128,128,64,1024,cpu,6,1.8841450214385986,1.7968607153306948e-06
gt4py,128,128,64,1024,cpu,7,1.818312168121338,1.7340776139462832e-06
gt4py,128,128,64,1024,cpu,8,1.8377292156219482,1.7525951534480555e-06
gt4py,128,128,64,1024,cpu,9,1.9230196475982666,1.8339344478590647e-06
gt4py,256,256,64,1024,cpu,0,3.0251286029815674,7.212468631223601e-07
gt4py,256,256,64,1024,cpu,1,2.615950107574463,6.23691107648483e-07
gt4py,256,256,64,1024,cpu,2,2.6334550380706787,6.278646083046624e-07
gt4py,256,256,64,1024,cpu,3,2.5801119804382324,6.151466322990018e-07
gt4py,256,256,64,1024,cpu,4,2.7002174854278564,6.437820161409036e-07
gt4py,256,256,64,1024,cpu,5,2.6063084602355957,6.213923597897519e-07
gt4py,256,256,64,1024,cpu,6,2.6425626277923584,6.300360269051453e-07
gt4py,256,256,64,1024,cpu,7,2.6803090572357178,6.390354769791884e-07
gt4py,256,256,64,1024,cpu,8,2.655977725982666,6.332344355541863e-07
gt4py,256,256,64,1024,cpu,9,2.6414921283721924,6.297807999544602e-07
gt4py,512,512,64,1024,cpu,0,5.047197341918945,3.008364046763745e-07
gt4py,512,512,64,1024,cpu,1,5.933511972427368,3.5366487338706065e-07
gt4py,512,512,64,1024,cpu,2,5.7239696979522705,3.4117518055154505e-07
gt4py,512,512,64,1024,cpu,3,5.92676854133606,3.532629335722959e-07
gt4py,512,512,64,1024,cpu,4,5.9132866859436035,3.5245935237071535e-07
gt4py,512,512,64,1024,cpu,5,4.506106615066528,2.685848841110783e-07
gt4py,512,512,64,1024,cpu,6,5.973316431045532,3.5603740400347306e-07
gt4py,512,512,64,1024,cpu,7,4.2791588306427,2.550577420379341e-07
gt4py,512,512,64,1024,cpu,8,4.592763900756836,2.737500608418486e-07
gt4py,512,512,64,1024,cpu,9,5.046848773956299,3.008156284067809e-07
gt4py,16,16,64,1024,gpu,0,0.3940012454986572,2.4047927581705153e-05
gt4py,16,16,64,1024,gpu,1,0.3611440658569336,2.2042484488338232e-05
gt4py,16,16,64,1024,gpu,2,0.37169504165649414,2.268646494485438e-05
gt4py,16,16,64,1024,gpu,3,0.36838340759277344,2.2484338842332363e-05
gt4py,16,16,64,1024,gpu,4,0.3680403232574463,2.2463398636318743e-05
gt4py,16,16,64,1024,gpu,5,0.3776118755340576,2.304759982507676e-05
gt4py,16,16,64,1024,gpu,6,0.33843278884887695,2.0656298147514462e-05
gt4py,16,16,64,1024,gpu,7,0.3377070426940918,2.0612002117559314e-05
gt4py,16,16,64,1024,gpu,8,0.3886878490447998,2.372362359892577e-05
gt4py,16,16,64,1024,gpu,9,0.3534510135650635,2.157293783966452e-05
gt4py,32,32,64,1024,gpu,0,0.3900587558746338,5.95182427787222e-06
gt4py,32,32,64,1024,gpu,1,0.3628103733062744,5.536046955967322e-06
gt4py,32,32,64,1024,gpu,2,0.38747310638427734,5.91237039770931e-06
gt4py,32,32,64,1024,gpu,3,0.38883447647094727,5.933143256697804e-06
gt4py,32,32,64,1024,gpu,4,0.36133742332458496,5.513571522897109e-06
gt4py,32,32,64,1024,gpu,5,0.378035306930542,5.768361006630585e-06
gt4py,32,32,64,1024,gpu,6,0.4000396728515625,6.1041209846735e-06
gt4py,32,32,64,1024,gpu,7,0.3901054859161377,5.95253732171841e-06
gt4py,32,32,64,1024,gpu,8,0.37880635261535645,5.780126230092719e-06
gt4py,32,32,64,1024,gpu,9,0.3589472770690918,5.477100785356015e-06
gt4py,64,64,64,1024,gpu,0,0.37044501304626465,1.4131355783320032e-06
gt4py,64,64,64,1024,gpu,1,0.38463306427001953,1.4672586985398084e-06
gt4py,64,64,64,1024,gpu,2,0.3510415554046631,1.3391172615229152e-06
gt4py,64,64,64,1024,gpu,3,0.3460428714752197,1.320048795605544e-06
gt4py,64,64,64,1024,gpu,4,0.34927868843078613,1.3323924576980062e-06
gt4py,64,64,64,1024,gpu,5,0.36347126960754395,1.386532858305145e-06
gt4py,64,64,64,1024,gpu,6,0.3661653995513916,1.3968101484351791e-06
gt4py,64,64,64,1024,gpu,7,0.3483438491821289,1.3288263289723545e-06
gt4py,64,64,64,1024,gpu,8,0.36690449714660645,1.3996295820106752e-06
gt4py,64,64,64,1024,gpu,9,0.3609898090362549,1.3770668374490924e-06
gt4py,128,128,64,1024,gpu,0,0.35454416275024414,3.381196620466653e-07
gt4py,128,128,64,1024,gpu,1,0.3517165184020996,3.354230102559086e-07
gt4py,128,128,64,1024,gpu,2,0.37148070335388184,3.542716058291262e-07
gt4py,128,128,64,1024,gpu,3,0.33991098403930664,3.241643753426615e-07
gt4py,128,128,64,1024,gpu,4,0.3664121627807617,3.4943786886287853e-07
gt4py,128,128,64,1024,gpu,5,0.3521132469177246,3.3580136005184613e-07
gt4py,128,128,64,1024,gpu,6,0.37551331520080566,3.5811740417557303e-07
gt4py,128,128,64,1024,gpu,7,0.3710365295410156,3.5384800867177546e-07
gt4py,128,128,64,1024,gpu,8,0.3892548084259033,3.7122231333341915e-07
gt4py,128,128,64,1024,gpu,9,0.37740087509155273,3.599175215640571e-07
gt4py,256,256,64,1024,gpu,0,0.3708643913269043,8.842096121952636e-08
gt4py,256,256,64,1024,gpu,1,0.3611009120941162,8.609316637375741e-08
gt4py,256,256,64,1024,gpu,2,0.36964845657348633,8.813105978333624e-08
gt4py,256,256,64,1024,gpu,3,0.3744008541107178,8.926411965148873e-08
gt4py,256,256,64,1024,gpu,4,0.3659210205078125,8.724236977286637e-08
gt4py,256,256,64,1024,gpu,5,0.37419581413269043,8.921523431126843e-08
gt4py,256,256,64,1024,gpu,6,0.3691117763519287,8.800310524748056e-08
gt4py,256,256,64,1024,gpu,7,0.3608114719390869,8.602415846326039e-08
gt4py,256,256,64,1024,gpu,8,0.36597108840942383,8.725430689082714e-08
gt4py,256,256,64,1024,gpu,9,0.3569145202636719,8.509505278198048e-08
gt4py,512,512,64,1024,gpu,0,0.35195326805114746,2.0978049519726483e-08
gt4py,512,512,64,1024,gpu,1,0.3474299907684326,2.070844118406967e-08
gt4py,512,512,64,1024,gpu,2,0.3618619441986084,2.1568652641690278e-08
gt4py,512,512,64,1024,gpu,3,0.3662252426147461,2.182872549383319e-08
gt4py,512,512,64,1024,gpu,4,0.385847806930542,2.299832146945846e-08
gt4py,512,512,64,1024,gpu,5,0.34547924995422363,2.0592167970789887e-08
gt4py,512,512,64,1024,gpu,6,0.38362956047058105,2.286610367718822e-08
gt4py,512,512,64,1024,gpu,7,0.37103772163391113,2.2115571596259542e-08
gt4py,512,512,64,1024,gpu,8,0.3725557327270508,2.2206052108231233e-08
gt4py,512,512,64,1024,gpu,9,0.3698298931121826,2.204357940627233e-08
cupy,16,16,64,1024,gpu,0,0.243394136428833,1.485559914726764e-05
cupy,16,16,64,1024,gpu,1,0.26413846015930176,1.6121732187457383e-05
cupy,16,16,64,1024,gpu,2,0.2432100772857666,1.484436506871134e-05
cupy,16,16,64,1024,gpu,3,0.23456788063049316,1.4316887245513499e-05
cupy,16,16,64,1024,gpu,4,0.23422026634216309,1.429567055311054e-05
cupy,16,16,64,1024,gpu,5,0.2460007667541504,1.5014695236459374e-05
cupy,16,16,64,1024,gpu,6,0.2502784729003906,1.5275785699486732e-05
cupy,16,16,64,1024,gpu,7,0.24604296684265137,1.5017270925454795e-05
cupy,16,16,64,1024,gpu,8,0.2435588836669922,1.4865654520690441e-05
cupy,16,16,64,1024,gpu,9,0.24564313888549805,1.4992867363616824e-05
cupy,32,32,64,1024,gpu,0,0.2476644515991211,3.7790596252307296e-06
cupy,32,32,64,1024,gpu,1,0.2476637363433838,3.7790487112943083e-06
cupy,32,32,64,1024,gpu,2,0.23355984687805176,3.563840436981991e-06
cupy,32,32,64,1024,gpu,3,0.2572207450866699,3.92487709177658e-06
cupy,32,32,64,1024,gpu,4,0.23269248008728027,3.5506054700817913e-06
cupy,32,32,64,1024,gpu,5,0.2503025531768799,3.819313860731199e-06
cupy,32,32,64,1024,gpu,6,0.25139284133911133,3.83595033781603e-06
cupy,32,32,64,1024,gpu,7,0.24236512184143066,3.698198270285502e-06
cupy,32,32,64,1024,gpu,8,0.2534520626068115,3.867371560772881e-06
cupy,32,32,64,1024,gpu,9,0.2578544616699219,3.934546839445829e-06
cupy,64,64,64,1024,gpu,0,0.23900389671325684,9.117275112657808e-07
cupy,64,64,64,1024,gpu,1,0.24073243141174316,9.183213478536345e-07
cupy,64,64,64,1024,gpu,2,0.2367861270904541,9.03267391549889e-07
cupy,64,64,64,1024,gpu,3,0.2422351837158203,9.240538929589093e-07
cupy,64,64,64,1024,gpu,4,0.2382643222808838,9.089062587008812e-07
cupy,64,64,64,1024,gpu,5,0.24559664726257324,9.368768587592058e-07
cupy,64,64,64,1024,gpu,6,0.2421247959136963,9.236327969119884e-07
cupy,64,64,64,1024,gpu,7,0.2286536693572998,8.722445272724144e-07
cupy,64,64,64,1024,gpu,8,0.23381352424621582,8.919278116081841e-07
cupy,64,64,64,1024,gpu,9,0.24132800102233887,9.205932656186633e-07
cupy,128,128,64,1024,gpu,0,0.22841334342956543,2.1783193915325683e-07
cupy,128,128,64,1024,gpu,1,0.24271249771118164,2.3146867533796467e-07
cupy,128,128,64,1024,gpu,2,0.25864291191101074,2.466611022100551e-07
cupy,128,128,64,1024,gpu,3,0.25185346603393555,2.401861820544582e-07
cupy,128,128,64,1024,gpu,4,0.24541592597961426,2.3404686544381548e-07
cupy,128,128,64,1024,gpu,5,0.2399001121520996,2.287865754624363e-07
cupy,128,128,64,1024,gpu,6,0.23945856094360352,2.2836547941551544e-07
cupy,128,128,64,1024,gpu,7,0.23654842376708984,2.2559015633305535e-07
cupy,128,128,64,1024,gpu,8,0.23798513412475586,2.2696031010127626e-07
cupy,128,128,64,1024,gpu,9,0.23828482627868652,2.272461188113084e-07
cupy,256,256,64,1024,gpu,0,0.4646458625793457,1.1078020634158747e-07
cupy,256,256,64,1024,gpu,1,0.46109700202941895,1.0993409205184435e-07
cupy,256,256,64,1024,gpu,2,0.4627659320831299,1.1033199598387e-07
cupy,256,256,64,1024,gpu,3,0.4655468463897705,1.1099501762146247e-07
cupy,256,256,64,1024,gpu,4,0.46153736114501953,1.1003908184648026e-07
cupy,256,256,64,1024,gpu,5,0.46152520179748535,1.1003618283211836e-07
cupy,256,256,64,1024,gpu,6,0.46170544624328613,1.1007915645677713e-07
cupy,256,256,64,1024,gpu,7,0.4625828266143799,1.102883402381849e-07
cupy,256,256,64,1024,gpu,8,0.4614715576171875,1.1002339306287467e-07
cupy,256,256,64,1024,gpu,9,0.4616689682006836,1.1007045941369142e-07
cupy,512,512,64,1024,gpu,0,1.601146936416626,9.543579437831795e-08
cupy,512,512,64,1024,gpu,1,1.604200839996338,9.561782121636497e-08
cupy,512,512,64,1024,gpu,2,1.6015405654907227,9.545925649945275e-08
cupy,512,512,64,1024,gpu,3,1.6053647994995117,9.568719860908459e-08
cupy,512,512,64,1024,gpu,4,1.6019768714904785,9.548526236358157e-08
cupy,512,512,64,1024,gpu,5,1.6048715114593506,9.565779635067884e-08
cupy,512,512,64,1024,gpu,6,1.602066993713379,9.549063406666392e-08
cupy,512,512,64,1024,gpu,7,1.6015682220458984,9.546090495859971e-08
cupy,512,512,64,1024,gpu,8,1.6058218479156494,9.571444081757363e-08
cupy,512,512,64,1024,gpu,9,1.6021625995635986,9.549633261940471e-08
numpy,16,16,64,1024,cpu,0,0.177170991897583,1.0813659173436463e-05
numpy,16,16,64,1024,cpu,1,0.17993974685668945,1.0982650564983487e-05
numpy,16,16,64,1024,cpu,2,0.18535947799682617,1.1313444701954722e-05
numpy,16,16,64,1024,cpu,3,0.18708181381225586,1.1418567737564445e-05
numpy,16,16,64,1024,cpu,4,0.19189858436584473,1.171256008092314e-05
numpy,16,16,64,1024,cpu,5,0.18674969673156738,1.139829691965133e-05
numpy,16,16,64,1024,cpu,6,0.18043780326843262,1.1013049515895545e-05
numpy,16,16,64,1024,cpu,7,0.17928695678710938,1.0942807421088219e-05
numpy,16,16,64,1024,cpu,8,0.18285655975341797,1.1160678695887327e-05
numpy,16,16,64,1024,cpu,9,0.18419456481933594,1.1242344044148922e-05
numpy,32,32,64,1024,cpu,0,0.6237006187438965,9.51691617956385e-06
numpy,32,32,64,1024,cpu,1,0.6185567378997803,9.438426786800846e-06
numpy,32,32,64,1024,cpu,2,0.6268601417541504,9.56512667471543e-06
numpy,32,32,64,1024,cpu,3,0.6066770553588867,9.257157216779888e-06
numpy,32,32,64,1024,cpu,4,0.6224892139434814,9.498431609245017e-06
numpy,32,32,64,1024,cpu,5,0.6281914710998535,9.58544114837423e-06
numpy,32,32,64,1024,cpu,6,0.6035189628601074,9.20896854950115e-06
numpy,32,32,64,1024,cpu,7,0.625521183013916,9.544695785734802e-06
numpy,32,32,64,1024,cpu,8,0.6262500286102295,9.555817086948082e-06
numpy,32,32,64,1024,cpu,9,0.6020567417144775,9.186656825477257e-06
numpy,64,64,64,1024,cpu,0,1.8198835849761963,6.942304935364518e-06
numpy,64,64,64,1024,cpu,1,1.8189282417297363,6.938660590094514e-06
numpy,64,64,64,1024,cpu,2,1.847977638244629,7.049475243547931e-06
numpy,64,64,64,1024,cpu,3,1.8140790462493896,6.920162377355155e-06
numpy,64,64,64,1024,cpu,4,1.8347654342651367,6.999074685154483e-06
numpy,64,64,64,1024,cpu,5,1.845581293106079,7.040333912300412e-06
numpy,64,64,64,1024,cpu,6,1.8324203491210938,6.990128895267844e-06
numpy,64,64,64,1024,cpu,7,1.8165984153747559,6.929773007868789e-06
numpy,64,64,64,1024,cpu,8,1.8363068103790283,7.004954568401445e-06
numpy,64,64,64,1024,cpu,9,1.8299756050109863,6.980802936595865e-06
numpy,128,128,64,1024,cpu,0,6.302420139312744,6.010456218064064e-06
numpy,128,128,64,1024,cpu,1,6.365356683731079,6.070477184039191e-06
numpy,128,128,64,1024,cpu,2,6.390858888626099,6.094797981859301e-06
numpy,128,128,64,1024,cpu,3,6.254409074783325,5.964669298919034e-06
numpy,128,128,64,1024,cpu,4,6.315186977386475,6.022631623636698e-06
numpy,128,128,64,1024,cpu,5,6.250856637954712,5.96128143115493e-06
numpy,128,128,64,1024,cpu,6,6.380383729934692,6.084808092055027e-06
numpy,128,128,64,1024,cpu,7,6.48904275894165,6.188433417264605e-06
numpy,128,128,64,1024,cpu,8,6.342953443527222,6.049111789252493e-06
numpy,128,128,64,1024,cpu,9,6.348545074462891,6.054444384062663e-06
numpy,256,256,64,1024,cpu,0,38.86849665641785,9.266971744636976e-06
numpy,256,256,64,1024,cpu,1,52.74603772163391,1.2575635366829374e-05
numpy,256,256,64,1024,cpu,2,39.25496053695679,9.359111913909146e-06
numpy,256,256,64,1024,cpu,3,65.1017017364502,1.552145522509818e-05
numpy,256,256,64,1024,cpu,4,39.56247663497925,9.432429465050518e-06
numpy,256,256,64,1024,cpu,5,39.45527958869934,9.406871697592578e-06
numpy,256,256,64,1024,cpu,6,62.687092781066895,1.4945767588869785e-05
numpy,256,256,64,1024,cpu,7,39.923226833343506,9.518439014755131e-06
numpy,256,256,64,1024,cpu,8,39.140868186950684,9.331910177934333e-06
numpy,256,256,64,1024,cpu,9,39.18751263618469,9.34303108124368e-06
numpy,512,512,64,1024,cpu,0,191.92712354660034,1.1439748021757623e-05
numpy,512,512,64,1024,cpu,1,189.40535187721252,1.1289438717199118e-05
numpy,512,512,64,1024,cpu,2,219.5089452266693,1.3083752705256302e-05
numpy,512,512,64,1024,cpu,3,202.12077689170837,1.204733710835626e-05
numpy,512,512,64,1024,cpu,4,281.5957751274109,1.6784416146720105e-05
numpy,512,512,64,1024,cpu,5,233.10345125198364,1.389404840779207e-05
numpy,512,512,64,1024,cpu,6,232.58037114143372,1.386287040361367e-05
numpy,512,512,64,1024,cpu,7,188.39300179481506,1.122909795014948e-05
numpy,512,512,64,1024,cpu,8,197.80523777008057,1.1790110931997333e-05
numpy,512,512,64,1024,cpu,9,186.5741901397705,1.112068832753721e-05
