series,experiment,strategy,mode,rep,nodes,ranks,cores_per_rank,nx,ny,nz,num_iter,local_nx,local_ny,total_time,max_comm,max_compute,avg_comm,avg_compute,avg_pack,avg_send,avg_wait,binary,command,env_overrides,srun_extra,app_extra,git_commit,git_branch,git_dirty,slurm_jobid,t_start,t_start_approx,wall_s,metadata_source,source_file
corners,results_strong_1024_detailed_timing,corners,strong,1,1,2,1,1024,1024,64,1024,-1,-1,45.41561,1.186416,44.39857,1.101383,44.31367,0.7791227,0.01658422,0.3053524,./stencil2d-mpi-corners.x,env OMP_NUM_THREADS=1 srun -A hpc4wc-course2026-ethz --uenv=prgenv-gnu/26.3:v1 --view=default -N 1 -n 2 -c 1 --ntasks-per-node=2 --gpus-per-task=1 --cpu-bind=cores -t 15 ./stencil2d-mpi-corners.x --nx 1024 --ny 1024 --nz 64 --num_iter 1024,OMP_NUM_THREADS=1,--ntasks-per-node=2 --gpus-per-task=1 --cpu-bind=cores -t 15,,5f659f41dc0b2cbd347870eaa2405c47714603f4,main,1,837287,2026-08-31T13:25:34+02:00,0,62.186,recorded,results/corners/results_strong_1024_detailed_timing/result_corners_N1_n2_c1_rep1.py
corners,results_strong_1024_detailed_timing,corners,strong,2,1,2,1,1024,1024,64,1024,-1,-1,44.36817,1.250924,43.20835,1.205057,43.16257,0.8242792,0.01647384,0.3639217,./stencil2d-mpi-corners.x,env OMP_NUM_THREADS=1 srun -A hpc4wc-course2026-ethz --uenv=prgenv-gnu/26.3:v1 --view=default -N 1 -n 2 -c 1 --ntasks-per-node=2 --gpus-per-task=1 --cpu-bind=cores -t 15 ./stencil2d-mpi-corners.x --nx 1024 --ny 1024 --nz 64 --num_iter 1024,OMP_NUM_THREADS=1,--ntasks-per-node=2 --gpus-per-task=1 --cpu-bind=cores -t 15,,5f659f41dc0b2cbd347870eaa2405c47714603f4,main,1,837290,2026-08-31T13:28:38+02:00,0,61.529,recorded,results/corners/results_strong_1024_detailed_timing/result_corners_N1_n2_c1_rep2.py
corners,results_strong_1024_detailed_timing,corners,strong,3,1,2,1,1024,1024,64,1024,-1,-1,44.68748,1.549799,43.7005,1.26799,43.41875,0.7664195,0.01741866,0.4840978,./stencil2d-mpi-corners.x,env OMP_NUM_THREADS=1 srun -A hpc4wc-course2026-ethz --uenv=prgenv-gnu/26.3:v1 --view=default -N 1 -n 2 -c 1 --ntasks-per-node=2 --gpus-per-task=1 --cpu-bind=cores -t 15 ./stencil2d-mpi-corners.x --nx 1024 --ny 1024 --nz 64 --num_iter 1024,OMP_NUM_THREADS=1,--ntasks-per-node=2 --gpus-per-task=1 --cpu-bind=cores -t 15,,5f659f41dc0b2cbd347870eaa2405c47714603f4,main,1,837294,2026-08-31T13:31:42+02:00,0,59.098,recorded,results/corners/results_strong_1024_detailed_timing/result_corners_N1_n2_c1_rep3.py
corners,results_strong_1024_detailed_timing,corners,strong,1,1,4,1,1024,1024,64,1024,-1,-1,25.18632,1.273599,24.46675,1.056731,24.12891,0.5401107,0.02162129,0.4946999,./stencil2d-mpi-corners.x,env OMP_NUM_THREADS=1 srun -A hpc4wc-course2026-ethz --uenv=prgenv-gnu/26.3:v1 --view=default -N 1 -n 4 -c 1 --ntasks-per-node=4 --gpus-per-task=1 --cpu-bind=cores -t 15 ./stencil2d-mpi-corners.x --nx 1024 --ny 1024 --nz 64 --num_iter 1024,OMP_NUM_THREADS=1,--ntasks-per-node=4 --gpus-per-task=1 --cpu-bind=cores -t 15,,5f659f41dc0b2cbd347870eaa2405c47714603f4,main,1,837277,2026-08-31T13:19:20+02:00,0,41.074,recorded,results/corners/results_strong_1024_detailed_timing/result_corners_N1_n4_c1_rep1.py
corners,results_strong_1024_detailed_timing,corners,strong,2,1,4,1,1024,1024,64,1024,-1,-1,25.60058,1.4179,24.74725,1.051777,24.54813,0.5376223,0.02189038,0.4920882,./stencil2d-mpi-corners.x,env OMP_NUM_THREADS=1 srun -A hpc4wc-course2026-ethz --uenv=prgenv-gnu/26.3:v1 --view=default -N 1 -n 4 -c 1 --ntasks-per-node=4 --gpus-per-task=1 --cpu-bind=cores -t 15 ./stencil2d-mpi-corners.x --nx 1024 --ny 1024 --nz 64 --num_iter 1024,OMP_NUM_THREADS=1,--ntasks-per-node=4 --gpus-per-task=1 --cpu-bind=cores -t 15,,5f659f41dc0b2cbd347870eaa2405c47714603f4,main,1,837280,2026-08-31T13:21:23+02:00,0,42.303,recorded,results/corners/results_strong_1024_detailed_timing/result_corners_N1_n4_c1_rep2.py
corners,results_strong_1024_detailed_timing,corners,strong,3,1,4,1,1024,1024,64,1024,-1,-1,25.18668,1.087637,24.4191,0.879916,24.3062,0.5372854,0.02109332,0.3211333,./stencil2d-mpi-corners.x,env OMP_NUM_THREADS=1 srun -A hpc4wc-course2026-ethz --uenv=prgenv-gnu/26.3:v1 --view=default -N 1 -n 4 -c 1 --ntasks-per-node=4 --gpus-per-task=1 --cpu-bind=cores -t 15 ./stencil2d-mpi-corners.x --nx 1024 --ny 1024 --nz 64 --num_iter 1024,OMP_NUM_THREADS=1,--ntasks-per-node=4 --gpus-per-task=1 --cpu-bind=cores -t 15,,5f659f41dc0b2cbd347870eaa2405c47714603f4,main,1,837283,2026-08-31T13:23:29+02:00,0,42.125,recorded,results/corners/results_strong_1024_detailed_timing/result_corners_N1_n4_c1_rep3.py
corners,results_strong_1024_detailed_timing,corners,strong,1,2,8,1,1024,1024,64,1024,-1,-1,9.804266,0.4516438,9.454233,0.4075043,9.396315,0.2339829,0.02805306,0.1447114,./stencil2d-mpi-corners.x,env OMP_NUM_THREADS=1 srun -A hpc4wc-course2026-ethz --uenv=prgenv-gnu/26.3:v1 --view=default -N 2 -n 8 -c 1 --ntasks-per-node=4 --gpus-per-task=1 --cpu-bind=cores -t 15 ./stencil2d-mpi-corners.x --nx 1024 --ny 1024 --nz 64 --num_iter 1024,OMP_NUM_THREADS=1,--ntasks-per-node=4 --gpus-per-task=1 --cpu-bind=cores -t 15,,5f659f41dc0b2cbd347870eaa2405c47714603f4,main,1,837263,2026-08-31T13:15:05+02:00,0,26.592,recorded,results/corners/results_strong_1024_detailed_timing/result_corners_N2_n8_c1_rep1.py
corners,results_strong_1024_detailed_timing,corners,strong,2,2,8,1,1024,1024,64,1024,-1,-1,10.02441,0.6959397,9.620717,0.5971093,9.426862,0.2256336,0.02764811,0.3430936,./stencil2d-mpi-corners.x,env OMP_NUM_THREADS=1 srun -A hpc4wc-course2026-ethz --uenv=prgenv-gnu/26.3:v1 --view=default -N 2 -n 8 -c 1 --ntasks-per-node=4 --gpus-per-task=1 --cpu-bind=cores -t 15 ./stencil2d-mpi-corners.x --nx 1024 --ny 1024 --nz 64 --num_iter 1024,OMP_NUM_THREADS=1,--ntasks-per-node=4 --gpus-per-task=1 --cpu-bind=cores -t 15,,5f659f41dc0b2cbd347870eaa2405c47714603f4,main,1,837268,2026-08-31T13:16:28+02:00,0,29.509,recorded,results/corners/results_strong_1024_detailed_timing/result_corners_N2_n8_c1_rep2.py
corners,results_strong_1024_detailed_timing,corners,strong,3,2,8,1,1024,1024,64,1024,-1,-1,9.973722,0.5873642,9.609846,0.5380464,9.435219,0.2345016,0.02770576,0.275015,./stencil2d-mpi-corners.x,env OMP_NUM_THREADS=1 srun -A hpc4wc-course2026-ethz --uenv=prgenv-gnu/26.3:v1 --view=default -N 2 -n 8 -c 1 --ntasks-per-node=4 --gpus-per-task=1 --cpu-bind=cores -t 15 ./stencil2d-mpi-corners.x --nx 1024 --ny 1024 --nz 64 --num_iter 1024,OMP_NUM_THREADS=1,--ntasks-per-node=4 --gpus-per-task=1 --cpu-bind=cores -t 15,,5f659f41dc0b2cbd347870eaa2405c47714603f4,main,1,837273,2026-08-31T13:17:54+02:00,0,28.293,recorded,results/corners/results_strong_1024_detailed_timing/result_corners_N2_n8_c1_rep3.py
corners,results_strong_1024_detailed_timing,corners,strong,1,4,16,1,1024,1024,64,1024,-1,-1,4.52817,0.693343,4.230986,0.5345301,3.993493,0.2115786,0.01205121,0.310804,./stencil2d-mpi-corners.x,env OMP_NUM_THREADS=1 srun -A hpc4wc-course2026-ethz --uenv=prgenv-gnu/26.3:v1 --view=default -N 4 -n 16 -c 1 --ntasks-per-node=4 --gpus-per-task=1 --cpu-bind=cores -t 15 ./stencil2d-mpi-corners.x --nx 1024 --ny 1024 --nz 64 --num_iter 1024,OMP_NUM_THREADS=1,--ntasks-per-node=4 --gpus-per-task=1 --cpu-bind=cores -t 15,,5f659f41dc0b2cbd347870eaa2405c47714603f4,main,1,837250,2026-08-31T13:11:43+02:00,0,21.965,recorded,results/corners/results_strong_1024_detailed_timing/result_corners_N4_n16_c1_rep1.py
corners,results_strong_1024_detailed_timing,corners,strong,2,4,16,1,1024,1024,64,1024,-1,-1,4.323125,0.4402016,4.040628,0.3614479,3.961538,0.2077133,0.01179282,0.1417347,./stencil2d-mpi-corners.x,env OMP_NUM_THREADS=1 srun -A hpc4wc-course2026-ethz --uenv=prgenv-gnu/26.3:v1 --view=default -N 4 -n 16 -c 1 --ntasks-per-node=4 --gpus-per-task=1 --cpu-bind=cores -t 15 ./stencil2d-mpi-corners.x --nx 1024 --ny 1024 --nz 64 --num_iter 1024,OMP_NUM_THREADS=1,--ntasks-per-node=4 --gpus-per-task=1 --cpu-bind=cores -t 15,,5f659f41dc0b2cbd347870eaa2405c47714603f4,main,1,837254,2026-08-31T13:12:50+02:00,0,22.374,recorded,results/corners/results_strong_1024_detailed_timing/result_corners_N4_n16_c1_rep2.py
corners,results_strong_1024_detailed_timing,corners,strong,3,4,16,1,1024,1024,64,1024,-1,-1,4.364841,0.4837341,4.091016,0.394551,3.970144,0.2065508,0.01164247,0.1761596,./stencil2d-mpi-corners.x,env OMP_NUM_THREADS=1 srun -A hpc4wc-course2026-ethz --uenv=prgenv-gnu/26.3:v1 --view=default -N 4 -n 16 -c 1 --ntasks-per-node=4 --gpus-per-task=1 --cpu-bind=cores -t 15 ./stencil2d-mpi-corners.x --nx 1024 --ny 1024 --nz 64 --num_iter 1024,OMP_NUM_THREADS=1,--ntasks-per-node=4 --gpus-per-task=1 --cpu-bind=cores -t 15,,5f659f41dc0b2cbd347870eaa2405c47714603f4,main,1,837259,2026-08-31T13:13:58+02:00,0,21.727,recorded,results/corners/results_strong_1024_detailed_timing/result_corners_N4_n16_c1_rep3.py
corners,results_strong_1024_detailed_timing,corners,strong,1,8,32,1,1024,1024,64,1024,-1,-1,2.270327,0.3405669,2.025469,0.28303,1.987161,0.1304893,0.01051781,0.1417514,./stencil2d-mpi-corners.x,env OMP_NUM_THREADS=1 srun -A hpc4wc-course2026-ethz --uenv=prgenv-gnu/26.3:v1 --view=default -N 8 -n 32 -c 1 --ntasks-per-node=4 --gpus-per-task=1 --cpu-bind=cores -t 15 ./stencil2d-mpi-corners.x --nx 1024 --ny 1024 --nz 64 --num_iter 1024,OMP_NUM_THREADS=1,--ntasks-per-node=4 --gpus-per-task=1 --cpu-bind=cores -t 15,,5f659f41dc0b2cbd347870eaa2405c47714603f4,main,1,837208,2026-08-31T13:08:40+02:00,0,21.1,recorded,results/corners/results_strong_1024_detailed_timing/result_corners_N8_n32_c1_rep1.py
corners,results_strong_1024_detailed_timing,corners,strong,2,8,32,1,1024,1024,64,1024,-1,-1,2.227513,0.289213,2.031638,0.2503735,1.977003,0.1313757,0.01035072,0.108325,./stencil2d-mpi-corners.x,env OMP_NUM_THREADS=1 srun -A hpc4wc-course2026-ethz --uenv=prgenv-gnu/26.3:v1 --view=default -N 8 -n 32 -c 1 --ntasks-per-node=4 --gpus-per-task=1 --cpu-bind=cores -t 15 ./stencil2d-mpi-corners.x --nx 1024 --ny 1024 --nz 64 --num_iter 1024,OMP_NUM_THREADS=1,--ntasks-per-node=4 --gpus-per-task=1 --cpu-bind=cores -t 15,,5f659f41dc0b2cbd347870eaa2405c47714603f4,main,1,837241,2026-08-31T13:09:41+02:00,0,19.047,recorded,results/corners/results_strong_1024_detailed_timing/result_corners_N8_n32_c1_rep2.py
corners,results_strong_1024_detailed_timing,corners,strong,3,8,32,1,1024,1024,64,1024,-1,-1,2.200617,0.2831972,2.015561,0.2259772,1.97451,0.1281065,0.01021972,0.08732853,./stencil2d-mpi-corners.x,env OMP_NUM_THREADS=1 srun -A hpc4wc-course2026-ethz --uenv=prgenv-gnu/26.3:v1 --view=default -N 8 -n 32 -c 1 --ntasks-per-node=4 --gpus-per-task=1 --cpu-bind=cores -t 15 ./stencil2d-mpi-corners.x --nx 1024 --ny 1024 --nz 64 --num_iter 1024,OMP_NUM_THREADS=1,--ntasks-per-node=4 --gpus-per-task=1 --cpu-bind=cores -t 15,,5f659f41dc0b2cbd347870eaa2405c47714603f4,main,1,837245,2026-08-31T13:10:42+02:00,0,19.958,recorded,results/corners/results_strong_1024_detailed_timing/result_corners_N8_n32_c1_rep3.py
corners,results_strong_1024_detailed_timing,corners,strong,1,16,64,1,1024,1024,64,1024,-1,-1,1.43271,0.2868694,1.233446,0.2510543,1.181525,0.1148127,0.009716372,0.1262364,./stencil2d-mpi-corners.x,env OMP_NUM_THREADS=1 srun -A hpc4wc-course2026-ethz --uenv=prgenv-gnu/26.3:v1 --view=default -N 16 -n 64 -c 1 --ntasks-per-node=4 --gpus-per-task=1 --cpu-bind=cores -t 15 ./stencil2d-mpi-corners.x --nx 1024 --ny 1024 --nz 64 --num_iter 1024,OMP_NUM_THREADS=1,--ntasks-per-node=4 --gpus-per-task=1 --cpu-bind=cores -t 15,,5f659f41dc0b2cbd347870eaa2405c47714603f4,main,1,837157,2026-08-31T12:44:26+02:00,0,23.493,recorded,results/corners/results_strong_1024_detailed_timing/result_corners_N16_n64_c1_rep1.py
corners,results_strong_1024_detailed_timing,corners,strong,2,16,64,1,1024,1024,64,1024,-1,-1,1.327294,0.2395098,1.164152,0.1967994,1.130365,0.1131194,0.00947042,0.07389926,./stencil2d-mpi-corners.x,env OMP_NUM_THREADS=1 srun -A hpc4wc-course2026-ethz --uenv=prgenv-gnu/26.3:v1 --view=default -N 16 -n 64 -c 1 --ntasks-per-node=4 --gpus-per-task=1 --cpu-bind=cores -t 15 ./stencil2d-mpi-corners.x --nx 1024 --ny 1024 --nz 64 --num_iter 1024,OMP_NUM_THREADS=1,--ntasks-per-node=4 --gpus-per-task=1 --cpu-bind=cores -t 15,,5f659f41dc0b2cbd347870eaa2405c47714603f4,main,1,837163,2026-08-31T12:45:51+02:00,0,27.824,recorded,results/corners/results_strong_1024_detailed_timing/result_corners_N16_n64_c1_rep2.py
corners,results_strong_1024_detailed_timing,corners,strong,3,16,64,1,1024,1024,64,1024,-1,-1,1.335119,0.2483718,1.170052,0.2032008,1.131793,0.1135305,0.009414084,0.08062224,./stencil2d-mpi-corners.x,env OMP_NUM_THREADS=1 srun -A hpc4wc-course2026-ethz --uenv=prgenv-gnu/26.3:v1 --view=default -N 16 -n 64 -c 1 --ntasks-per-node=4 --gpus-per-task=1 --cpu-bind=cores -t 15 ./stencil2d-mpi-corners.x --nx 1024 --ny 1024 --nz 64 --num_iter 1024,OMP_NUM_THREADS=1,--ntasks-per-node=4 --gpus-per-task=1 --cpu-bind=cores -t 15,,5f659f41dc0b2cbd347870eaa2405c47714603f4,main,1,837168,2026-08-31T12:47:19+02:00,0,29.037,recorded,results/corners/results_strong_1024_detailed_timing/result_corners_N16_n64_c1_rep3.py
corners,results_corners_strong_1024_timed_n96,corners,strong,1,24,96,1,1024,1024,64,1024,-1,-1,0.9361371,0.2122428,0.7915172,0.1711975,0.764812,0.08365199,0.009296167,0.07788262,./stencil2d-mpi-corners.x,env OMP_NUM_THREADS=1 srun -A hpc4wc-course2026-ethz --uenv=prgenv-gnu/26.3:v1 --view=default -N 24 -n 96 -c 1 --ntasks-per-node=4 --gpus-per-task=1 --cpu-bind=cores ./stencil2d-mpi-corners.x --nx 1024 --ny 1024 --nz 64 --num_iter 1024,OMP_NUM_THREADS=1,--ntasks-per-node=4 --gpus-per-task=1 --cpu-bind=cores,,5f659f41dc0b2cbd347870eaa2405c47714603f4,main,1,837620,2026-08-31T14:41:47+02:00,0,19.846,recorded,results/corners/results_corners_strong_1024_timed_n96/result_corners_N24_n96_c1_rep1.py
corners,results_corners_strong_1024_timed_n96,corners,strong,2,24,96,1,1024,1024,64,1024,-1,-1,0.9295239,0.2123654,0.7798212,0.1737396,0.7556564,0.08235031,0.009288832,0.08173819,./stencil2d-mpi-corners.x,env OMP_NUM_THREADS=1 srun -A hpc4wc-course2026-ethz --uenv=prgenv-gnu/26.3:v1 --view=default -N 24 -n 96 -c 1 --ntasks-per-node=4 --gpus-per-task=1 --cpu-bind=cores ./stencil2d-mpi-corners.x --nx 1024 --ny 1024 --nz 64 --num_iter 1024,OMP_NUM_THREADS=1,--ntasks-per-node=4 --gpus-per-task=1 --cpu-bind=cores,,5f659f41dc0b2cbd347870eaa2405c47714603f4,main,1,837624,2026-08-31T14:43:01+02:00,0,24.517,recorded,results/corners/results_corners_strong_1024_timed_n96/result_corners_N24_n96_c1_rep2.py
corners,results_corners_strong_1024_timed_n96,corners,strong,3,24,96,1,1024,1024,64,1024,-1,-1,0.9432276,0.2296354,0.7741101,0.1912428,0.7518553,0.08378254,0.009347487,0.0977502,./stencil2d-mpi-corners.x,env OMP_NUM_THREADS=1 srun -A hpc4wc-course2026-ethz --uenv=prgenv-gnu/26.3:v1 --view=default -N 24 -n 96 -c 1 --ntasks-per-node=4 --gpus-per-task=1 --cpu-bind=cores ./stencil2d-mpi-corners.x --nx 1024 --ny 1024 --nz 64 --num_iter 1024,OMP_NUM_THREADS=1,--ntasks-per-node=4 --gpus-per-task=1 --cpu-bind=cores,,5f659f41dc0b2cbd347870eaa2405c47714603f4,main,1,837632,2026-08-31T14:44:17+02:00,0,26.596,recorded,results/corners/results_corners_strong_1024_timed_n96/result_corners_N24_n96_c1_rep3.py
mpi_leftright,results_strong_1024_detailed_timing,mpi_leftright,strong,1,1,2,1,1024,1024,64,1024,-1,-1,44.20213,1.168668,43.13073,1.119457,43.08179,0.7163938,0.01319136,0.3891845,./stencil2d-mpi.x,env OMP_NUM_THREADS=1 srun -A hpc4wc-course2026-ethz --uenv=prgenv-gnu/26.3:v1 --view=default -N 1 -n 2 -c 1 --ntasks-per-node=2 --gpus-per-task=1 --cpu-bind=cores -t 15 ./stencil2d-mpi.x --nx 1024 --ny 1024 --nz 64 --num_iter 1024,OMP_NUM_THREADS=1,--ntasks-per-node=2 --gpus-per-task=1 --cpu-bind=cores -t 15,,5f659f41dc0b2cbd347870eaa2405c47714603f4,main,1,837252,2026-08-31T13:12:09+02:00,0,58.699,recorded,results/corners/results_strong_1024_detailed_timing/result_mpi_leftright_N1_n2_c1_rep1.py
mpi_leftright,results_strong_1024_detailed_timing,mpi_leftright,strong,2,1,2,1,1024,1024,64,1024,-1,-1,44.58574,1.510046,43.54394,1.275559,43.30945,0.7834339,0.01267751,0.4787683,./stencil2d-mpi.x,env OMP_NUM_THREADS=1 srun -A hpc4wc-course2026-ethz --uenv=prgenv-gnu/26.3:v1 --view=default -N 1 -n 2 -c 1 --ntasks-per-node=2 --gpus-per-task=1 --cpu-bind=cores -t 15 ./stencil2d-mpi.x --nx 1024 --ny 1024 --nz 64 --num_iter 1024,OMP_NUM_THREADS=1,--ntasks-per-node=2 --gpus-per-task=1 --cpu-bind=cores -t 15,,5f659f41dc0b2cbd347870eaa2405c47714603f4,main,1,837255,2026-08-31T13:13:08+02:00,0,60.48,recorded,results/corners/results_strong_1024_detailed_timing/result_mpi_leftright_N1_n2_c1_rep2.py
mpi_leftright,results_strong_1024_detailed_timing,mpi_leftright,strong,3,1,2,1,1024,1024,64,1024,-1,-1,44.64112,1.252584,43.68155,1.106044,43.53451,0.7400172,0.01174601,0.353595,./stencil2d-mpi.x,env OMP_NUM_THREADS=1 srun -A hpc4wc-course2026-ethz --uenv=prgenv-gnu/26.3:v1 --view=default -N 1 -n 2 -c 1 --ntasks-per-node=2 --gpus-per-task=1 --cpu-bind=cores -t 15 ./stencil2d-mpi.x --nx 1024 --ny 1024 --nz 64 --num_iter 1024,OMP_NUM_THREADS=1,--ntasks-per-node=2 --gpus-per-task=1 --cpu-bind=cores -t 15,,5f659f41dc0b2cbd347870eaa2405c47714603f4,main,1,837260,2026-08-31T13:14:08+02:00,0,61.585,recorded,results/corners/results_strong_1024_detailed_timing/result_mpi_leftright_N1_n2_c1_rep3.py
mpi_leftright,results_strong_1024_detailed_timing,mpi_leftright,strong,1,1,4,1,1024,1024,64,1024,-1,-1,24.85246,1.113117,24.16158,0.9833893,23.86821,0.5013635,0.01333127,0.4684541,./stencil2d-mpi.x,env OMP_NUM_THREADS=1 srun -A hpc4wc-course2026-ethz --uenv=prgenv-gnu/26.3:v1 --view=default -N 1 -n 4 -c 1 --ntasks-per-node=4 --gpus-per-task=1 --cpu-bind=cores -t 15 ./stencil2d-mpi.x --nx 1024 --ny 1024 --nz 64 --num_iter 1024,OMP_NUM_THREADS=1,--ntasks-per-node=4 --gpus-per-task=1 --cpu-bind=cores -t 15,,5f659f41dc0b2cbd347870eaa2405c47714603f4,main,1,837243,2026-08-31T13:10:06+02:00,0,40.872,recorded,results/corners/results_strong_1024_detailed_timing/result_mpi_leftright_N1_n4_c1_rep1.py
mpi_leftright,results_strong_1024_detailed_timing,mpi_leftright,strong,2,1,4,1,1024,1024,64,1024,-1,-1,25.03404,1.33342,24.29448,0.9168518,24.11628,0.4910515,0.01394686,0.4112041,./stencil2d-mpi.x,env OMP_NUM_THREADS=1 srun -A hpc4wc-course2026-ethz --uenv=prgenv-gnu/26.3:v1 --view=default -N 1 -n 4 -c 1 --ntasks-per-node=4 --gpus-per-task=1 --cpu-bind=cores -t 15 ./stencil2d-mpi.x --nx 1024 --ny 1024 --nz 64 --num_iter 1024,OMP_NUM_THREADS=1,--ntasks-per-node=4 --gpus-per-task=1 --cpu-bind=cores -t 15,,5f659f41dc0b2cbd347870eaa2405c47714603f4,main,1,837246,2026-08-31T13:10:47+02:00,0,39.909,recorded,results/corners/results_strong_1024_detailed_timing/result_mpi_leftright_N1_n4_c1_rep2.py
mpi_leftright,results_strong_1024_detailed_timing,mpi_leftright,strong,3,1,4,1,1024,1024,64,1024,-1,-1,25.00882,1.266658,24.26046,1.036201,23.97172,0.4858857,0.01436921,0.5356644,./stencil2d-mpi.x,env OMP_NUM_THREADS=1 srun -A hpc4wc-course2026-ethz --uenv=prgenv-gnu/26.3:v1 --view=default -N 1 -n 4 -c 1 --ntasks-per-node=4 --gpus-per-task=1 --cpu-bind=cores -t 15 ./stencil2d-mpi.x --nx 1024 --ny 1024 --nz 64 --num_iter 1024,OMP_NUM_THREADS=1,--ntasks-per-node=4 --gpus-per-task=1 --cpu-bind=cores -t 15,,5f659f41dc0b2cbd347870eaa2405c47714603f4,main,1,837249,2026-08-31T13:11:27+02:00,0,41.875,recorded,results/corners/results_strong_1024_detailed_timing/result_mpi_leftright_N1_n4_c1_rep3.py
mpi_leftright,results_strong_1024_detailed_timing,mpi_leftright,strong,1,2,8,1,1024,1024,64,1024,-1,-1,9.92538,0.5883018,9.583825,0.4460419,9.478613,0.228412,0.02076334,0.1959194,./stencil2d-mpi.x,env OMP_NUM_THREADS=1 srun -A hpc4wc-course2026-ethz --uenv=prgenv-gnu/26.3:v1 --view=default -N 2 -n 8 -c 1 --ntasks-per-node=4 --gpus-per-task=1 --cpu-bind=cores -t 15 ./stencil2d-mpi.x --nx 1024 --ny 1024 --nz 64 --num_iter 1024,OMP_NUM_THREADS=1,--ntasks-per-node=4 --gpus-per-task=1 --cpu-bind=cores -t 15,,5f659f41dc0b2cbd347870eaa2405c47714603f4,main,1,837209,2026-08-31T13:08:42+02:00,0,28.534,recorded,results/corners/results_strong_1024_detailed_timing/result_mpi_leftright_N2_n8_c1_rep1.py
mpi_leftright,results_strong_1024_detailed_timing,mpi_leftright,strong,2,2,8,1,1024,1024,64,1024,-1,-1,9.887731,0.5649769,9.551893,0.4344538,9.452552,0.2299844,0.01880484,0.184562,./stencil2d-mpi.x,env OMP_NUM_THREADS=1 srun -A hpc4wc-course2026-ethz --uenv=prgenv-gnu/26.3:v1 --view=default -N 2 -n 8 -c 1 --ntasks-per-node=4 --gpus-per-task=1 --cpu-bind=cores -t 15 ./stencil2d-mpi.x --nx 1024 --ny 1024 --nz 64 --num_iter 1024,OMP_NUM_THREADS=1,--ntasks-per-node=4 --gpus-per-task=1 --cpu-bind=cores -t 15,,5f659f41dc0b2cbd347870eaa2405c47714603f4,main,1,837238,2026-08-31T13:09:10+02:00,0,27.284,recorded,results/corners/results_strong_1024_detailed_timing/result_mpi_leftright_N2_n8_c1_rep2.py
mpi_leftright,results_strong_1024_detailed_timing,mpi_leftright,strong,3,2,8,1,1024,1024,64,1024,-1,-1,9.897704,0.4923466,9.546246,0.4164907,9.480536,0.2282924,0.01894693,0.1683785,./stencil2d-mpi.x,env OMP_NUM_THREADS=1 srun -A hpc4wc-course2026-ethz --uenv=prgenv-gnu/26.3:v1 --view=default -N 2 -n 8 -c 1 --ntasks-per-node=4 --gpus-per-task=1 --cpu-bind=cores -t 15 ./stencil2d-mpi.x --nx 1024 --ny 1024 --nz 64 --num_iter 1024,OMP_NUM_THREADS=1,--ntasks-per-node=4 --gpus-per-task=1 --cpu-bind=cores -t 15,,5f659f41dc0b2cbd347870eaa2405c47714603f4,main,1,837240,2026-08-31T13:09:38+02:00,0,27.933,recorded,results/corners/results_strong_1024_detailed_timing/result_mpi_leftright_N2_n8_c1_rep3.py
mpi_leftright,results_strong_1024_detailed_timing,mpi_leftright,strong,1,4,16,1,1024,1024,64,1024,-1,-1,4.418291,0.5175479,4.144804,0.4363098,3.9818,0.2160891,0.008601174,0.211381,./stencil2d-mpi.x,env OMP_NUM_THREADS=1 srun -A hpc4wc-course2026-ethz --uenv=prgenv-gnu/26.3:v1 --view=default -N 4 -n 16 -c 1 --ntasks-per-node=4 --gpus-per-task=1 --cpu-bind=cores -t 15 ./stencil2d-mpi.x --nx 1024 --ny 1024 --nz 64 --num_iter 1024,OMP_NUM_THREADS=1,--ntasks-per-node=4 --gpus-per-task=1 --cpu-bind=cores -t 15,,5f659f41dc0b2cbd347870eaa2405c47714603f4,main,1,837169,2026-08-31T12:47:19+02:00,0,30.723,recorded,results/corners/results_strong_1024_detailed_timing/result_mpi_leftright_N4_n16_c1_rep1.py
mpi_leftright,results_strong_1024_detailed_timing,mpi_leftright,strong,2,4,16,1,1024,1024,64,1024,-1,-1,4.375541,0.5155932,4.082104,0.3924009,3.982956,0.2144091,0.008384743,0.1693901,./stencil2d-mpi.x,env OMP_NUM_THREADS=1 srun -A hpc4wc-course2026-ethz --uenv=prgenv-gnu/26.3:v1 --view=default -N 4 -n 16 -c 1 --ntasks-per-node=4 --gpus-per-task=1 --cpu-bind=cores -t 15 ./stencil2d-mpi.x --nx 1024 --ny 1024 --nz 64 --num_iter 1024,OMP_NUM_THREADS=1,--ntasks-per-node=4 --gpus-per-task=1 --cpu-bind=cores -t 15,,5f659f41dc0b2cbd347870eaa2405c47714603f4,main,1,837173,2026-08-31T12:47:50+02:00,0,30.52,recorded,results/corners/results_strong_1024_detailed_timing/result_mpi_leftright_N4_n16_c1_rep2.py
mpi_leftright,results_strong_1024_detailed_timing,mpi_leftright,strong,3,4,16,1,1024,1024,64,1024,-1,-1,4.359313,0.5251778,4.070939,0.383177,3.97595,0.214911,0.008506524,0.1594769,./stencil2d-mpi.x,env OMP_NUM_THREADS=1 srun -A hpc4wc-course2026-ethz --uenv=prgenv-gnu/26.3:v1 --view=default -N 4 -n 16 -c 1 --ntasks-per-node=4 --gpus-per-task=1 --cpu-bind=cores -t 15 ./stencil2d-mpi.x --nx 1024 --ny 1024 --nz 64 --num_iter 1024,OMP_NUM_THREADS=1,--ntasks-per-node=4 --gpus-per-task=1 --cpu-bind=cores -t 15,,5f659f41dc0b2cbd347870eaa2405c47714603f4,main,1,837175,2026-08-31T12:48:21+02:00,0,1220.883,recorded,results/corners/results_strong_1024_detailed_timing/result_mpi_leftright_N4_n16_c1_rep3.py
mpi_leftright,results_strong_1024_detailed_timing,mpi_leftright,strong,1,8,32,1,1024,1024,64,1024,-1,-1,2.223354,0.2945107,2.019426,0.2390305,1.984181,0.1308745,0.007305303,0.1004808,./stencil2d-mpi.x,env OMP_NUM_THREADS=1 srun -A hpc4wc-course2026-ethz --uenv=prgenv-gnu/26.3:v1 --view=default -N 8 -n 32 -c 1 --ntasks-per-node=4 --gpus-per-task=1 --cpu-bind=cores -t 15 ./stencil2d-mpi.x --nx 1024 --ny 1024 --nz 64 --num_iter 1024,OMP_NUM_THREADS=1,--ntasks-per-node=4 --gpus-per-task=1 --cpu-bind=cores -t 15,,5f659f41dc0b2cbd347870eaa2405c47714603f4,main,1,837162,2026-08-31T12:45:49+02:00,0,30.721,recorded,results/corners/results_strong_1024_detailed_timing/result_mpi_leftright_N8_n32_c1_rep1.py
mpi_leftright,results_strong_1024_detailed_timing,mpi_leftright,strong,2,8,32,1,1024,1024,64,1024,-1,-1,2.233322,0.3045629,2.031161,0.2503681,1.982814,0.1305144,0.007234567,0.1122797,./stencil2d-mpi.x,env OMP_NUM_THREADS=1 srun -A hpc4wc-course2026-ethz --uenv=prgenv-gnu/26.3:v1 --view=default -N 8 -n 32 -c 1 --ntasks-per-node=4 --gpus-per-task=1 --cpu-bind=cores -t 15 ./stencil2d-mpi.x --nx 1024 --ny 1024 --nz 64 --num_iter 1024,OMP_NUM_THREADS=1,--ntasks-per-node=4 --gpus-per-task=1 --cpu-bind=cores -t 15,,5f659f41dc0b2cbd347870eaa2405c47714603f4,main,1,837165,2026-08-31T12:46:20+02:00,0,31.475,recorded,results/corners/results_strong_1024_detailed_timing/result_mpi_leftright_N8_n32_c1_rep2.py
mpi_leftright,results_strong_1024_detailed_timing,mpi_leftright,strong,3,8,32,1,1024,1024,64,1024,-1,-1,2.219869,0.2901034,2.022435,0.236807,1.982917,0.1285822,0.007190057,0.10068,./stencil2d-mpi.x,env OMP_NUM_THREADS=1 srun -A hpc4wc-course2026-ethz --uenv=prgenv-gnu/26.3:v1 --view=default -N 8 -n 32 -c 1 --ntasks-per-node=4 --gpus-per-task=1 --cpu-bind=cores -t 15 ./stencil2d-mpi.x --nx 1024 --ny 1024 --nz 64 --num_iter 1024,OMP_NUM_THREADS=1,--ntasks-per-node=4 --gpus-per-task=1 --cpu-bind=cores -t 15,,5f659f41dc0b2cbd347870eaa2405c47714603f4,main,1,837167,2026-08-31T12:46:52+02:00,0,27.509,recorded,results/corners/results_strong_1024_detailed_timing/result_mpi_leftright_N8_n32_c1_rep3.py
mpi_leftright,results_strong_1024_detailed_timing,mpi_leftright,strong,1,16,64,1,1024,1024,64,1024,-1,-1,1.36452,0.2476218,1.191165,0.2065239,1.157858,0.1138496,0.006633977,0.0856414,./stencil2d-mpi.x,env OMP_NUM_THREADS=1 srun -A hpc4wc-course2026-ethz --uenv=prgenv-gnu/26.3:v1 --view=default -N 16 -n 64 -c 1 --ntasks-per-node=4 --gpus-per-task=1 --cpu-bind=cores -t 15 ./stencil2d-mpi.x --nx 1024 --ny 1024 --nz 64 --num_iter 1024,OMP_NUM_THREADS=1,--ntasks-per-node=4 --gpus-per-task=1 --cpu-bind=cores -t 15,,5f659f41dc0b2cbd347870eaa2405c47714603f4,main,1,837156,2026-08-31T12:44:26+02:00,0,24.063,recorded,results/corners/results_strong_1024_detailed_timing/result_mpi_leftright_N16_n64_c1_rep1.py
mpi_leftright,results_strong_1024_detailed_timing,mpi_leftright,strong,2,16,64,1,1024,1024,64,1024,-1,-1,1.409899,0.3012987,1.195051,0.2622794,1.147481,0.1141827,0.006682133,0.1410195,./stencil2d-mpi.x,env OMP_NUM_THREADS=1 srun -A hpc4wc-course2026-ethz --uenv=prgenv-gnu/26.3:v1 --view=default -N 16 -n 64 -c 1 --ntasks-per-node=4 --gpus-per-task=1 --cpu-bind=cores -t 15 ./stencil2d-mpi.x --nx 1024 --ny 1024 --nz 64 --num_iter 1024,OMP_NUM_THREADS=1,--ntasks-per-node=4 --gpus-per-task=1 --cpu-bind=cores -t 15,,5f659f41dc0b2cbd347870eaa2405c47714603f4,main,1,837159,2026-08-31T12:44:50+02:00,0,27.874,recorded,results/corners/results_strong_1024_detailed_timing/result_mpi_leftright_N16_n64_c1_rep2.py
mpi_leftright,results_strong_1024_detailed_timing,mpi_leftright,strong,3,16,64,1,1024,1024,64,1024,-1,-1,1.38323,0.2862666,1.171772,0.2468444,1.136246,0.1138666,0.006564414,0.1260215,./stencil2d-mpi.x,env OMP_NUM_THREADS=1 srun -A hpc4wc-course2026-ethz --uenv=prgenv-gnu/26.3:v1 --view=default -N 16 -n 64 -c 1 --ntasks-per-node=4 --gpus-per-task=1 --cpu-bind=cores -t 15 ./stencil2d-mpi.x --nx 1024 --ny 1024 --nz 64 --num_iter 1024,OMP_NUM_THREADS=1,--ntasks-per-node=4 --gpus-per-task=1 --cpu-bind=cores -t 15,,5f659f41dc0b2cbd347870eaa2405c47714603f4,main,1,837161,2026-08-31T12:45:18+02:00,0,31.205,recorded,results/corners/results_strong_1024_detailed_timing/result_mpi_leftright_N16_n64_c1_rep3.py
mpi_leftright,results_mpi_leftright_strong_1024_n96,mpi_leftright,strong,1,24,96,1,1024,1024,64,1024,-1,-1,0.9703169,0.2675139,0.7988217,0.2083496,0.7618294,0.0833526,0.006472344,0.1184868,./stencil2d-mpi.x,env OMP_NUM_THREADS=1 srun -A hpc4wc-course2026-ethz --uenv=prgenv-gnu/26.3:v1 --view=default -N 24 -n 96 -c 1 --ntasks-per-node=4 --gpus-per-task=1 --cpu-bind=cores -t 15 ./stencil2d-mpi.x --nx 1024 --ny 1024 --nz 64 --num_iter 1024,OMP_NUM_THREADS=1,--ntasks-per-node=4 --gpus-per-task=1 --cpu-bind=cores -t 15,,6d1f1ad67bd158c18467cf72dcda5ea414627a95,main,0,838258,2026-08-31T16:56:17+02:00,0,54.421,recorded,results/corners/results_mpi_leftright_strong_1024_n96/result_mpi_leftright_N24_n96_c1_rep1.py
mpi_leftright,results_mpi_leftright_strong_1024_n96,mpi_leftright,strong,2,24,96,1,1024,1024,64,1024,-1,-1,0.9686062,0.2514396,0.8015473,0.2113885,0.7570826,0.0824725,0.006473798,0.1220266,./stencil2d-mpi.x,env OMP_NUM_THREADS=1 srun -A hpc4wc-course2026-ethz --uenv=prgenv-gnu/26.3:v1 --view=default -N 24 -n 96 -c 1 --ntasks-per-node=4 --gpus-per-task=1 --cpu-bind=cores -t 15 ./stencil2d-mpi.x --nx 1024 --ny 1024 --nz 64 --num_iter 1024,OMP_NUM_THREADS=1,--ntasks-per-node=4 --gpus-per-task=1 --cpu-bind=cores -t 15,,6d1f1ad67bd158c18467cf72dcda5ea414627a95,main,0,838260,2026-08-31T16:57:12+02:00,0,27.79,recorded,results/corners/results_mpi_leftright_strong_1024_n96/result_mpi_leftright_N24_n96_c1_rep2.py
mpi_leftright,results_mpi_leftright_strong_1024_n96,mpi_leftright,strong,3,24,96,1,1024,1024,64,1024,-1,-1,0.9509472,0.2364871,0.7853338,0.1957047,0.7551127,0.08300018,0.00640967,0.105879,./stencil2d-mpi.x,env OMP_NUM_THREADS=1 srun -A hpc4wc-course2026-ethz --uenv=prgenv-gnu/26.3:v1 --view=default -N 24 -n 96 -c 1 --ntasks-per-node=4 --gpus-per-task=1 --cpu-bind=cores -t 15 ./stencil2d-mpi.x --nx 1024 --ny 1024 --nz 64 --num_iter 1024,OMP_NUM_THREADS=1,--ntasks-per-node=4 --gpus-per-task=1 --cpu-bind=cores -t 15,,6d1f1ad67bd158c18467cf72dcda5ea414627a95,main,0,838263,2026-08-31T16:57:40+02:00,0,33.682,recorded,results/corners/results_mpi_leftright_strong_1024_n96/result_mpi_leftright_N24_n96_c1_rep3.py
pipelined,results_strong_1024_detailed_timing,pipelined,strong,1,1,1,1,1024,1024,64,1024,-1,-1,90.4966,1.495269,89.00071,1.495269,89.00071,1.407616,0.08582763,0.002047572,./stencil2d-mpi-corners-pipelined.x,env OMP_NUM_THREADS=1 srun -A hpc4wc-course2026-ethz --uenv=prgenv-gnu/26.3:v1 --view=default -N 1 -n 1 -c 1 --ntasks-per-node=1 --gpus-per-task=1 --cpu-bind=cores -t 15 ./stencil2d-mpi-corners-pipelined.x --nx 1024 --ny 1024 --nz 64 --num_iter 1024,OMP_NUM_THREADS=1,--ntasks-per-node=1 --gpus-per-task=1 --cpu-bind=cores -t 15,,5f659f41dc0b2cbd347870eaa2405c47714603f4,main,1,837298,2026-08-31T13:34:44+02:00,0,106.226,recorded,results/corners/results_strong_1024_detailed_timing/result_pipelined_N1_n1_c1_rep1.py
pipelined,results_strong_1024_detailed_timing,pipelined,strong,2,1,1,1,1024,1024,64,1024,-1,-1,90.14037,1.493162,88.64656,1.493162,88.64656,1.404905,0.08630992,0.002034148,./stencil2d-mpi-corners-pipelined.x,env OMP_NUM_THREADS=1 srun -A hpc4wc-course2026-ethz --uenv=prgenv-gnu/26.3:v1 --view=default -N 1 -n 1 -c 1 --ntasks-per-node=1 --gpus-per-task=1 --cpu-bind=cores -t 15 ./stencil2d-mpi-corners-pipelined.x --nx 1024 --ny 1024 --nz 64 --num_iter 1024,OMP_NUM_THREADS=1,--ntasks-per-node=1 --gpus-per-task=1 --cpu-bind=cores -t 15,,5f659f41dc0b2cbd347870eaa2405c47714603f4,main,1,837362,2026-08-31T13:40:02+02:00,0,103.725,recorded,results/corners/results_strong_1024_detailed_timing/result_pipelined_N1_n1_c1_rep2.py
pipelined,results_strong_1024_detailed_timing,pipelined,strong,3,1,1,1,1024,1024,64,1024,-1,-1,93.28389,1.496083,91.78733,1.496083,91.78733,1.40861,0.08531837,0.002228091,./stencil2d-mpi-corners-pipelined.x,env OMP_NUM_THREADS=1 srun -A hpc4wc-course2026-ethz --uenv=prgenv-gnu/26.3:v1 --view=default -N 1 -n 1 -c 1 --ntasks-per-node=1 --gpus-per-task=1 --cpu-bind=cores -t 15 ./stencil2d-mpi-corners-pipelined.x --nx 1024 --ny 1024 --nz 64 --num_iter 1024,OMP_NUM_THREADS=1,--ntasks-per-node=1 --gpus-per-task=1 --cpu-bind=cores -t 15,,5f659f41dc0b2cbd347870eaa2405c47714603f4,main,1,837366,2026-08-31T13:45:21+02:00,0,110.2,recorded,results/corners/results_strong_1024_detailed_timing/result_pipelined_N1_n1_c1_rep3.py
pipelined,results_strong_1024_detailed_timing,pipelined,strong,1,1,2,1,1024,1024,64,1024,-1,-1,44.36009,1.611457,43.21941,1.375965,42.98359,0.7621236,0.0874362,0.5262558,./stencil2d-mpi-corners-pipelined.x,env OMP_NUM_THREADS=1 srun -A hpc4wc-course2026-ethz --uenv=prgenv-gnu/26.3:v1 --view=default -N 1 -n 2 -c 1 --ntasks-per-node=2 --gpus-per-task=1 --cpu-bind=cores -t 15 ./stencil2d-mpi-corners-pipelined.x --nx 1024 --ny 1024 --nz 64 --num_iter 1024,OMP_NUM_THREADS=1,--ntasks-per-node=2 --gpus-per-task=1 --cpu-bind=cores -t 15,,5f659f41dc0b2cbd347870eaa2405c47714603f4,main,1,837288,2026-08-31T13:26:37+02:00,0,59.258,recorded,results/corners/results_strong_1024_detailed_timing/result_pipelined_N1_n2_c1_rep1.py
pipelined,results_strong_1024_detailed_timing,pipelined,strong,2,1,2,1,1024,1024,64,1024,-1,-1,44.53003,1.260379,43.50486,1.142377,43.38702,0.7821277,0.123115,0.236495,./stencil2d-mpi-corners-pipelined.x,env OMP_NUM_THREADS=1 srun -A hpc4wc-course2026-ethz --uenv=prgenv-gnu/26.3:v1 --view=default -N 1 -n 2 -c 1 --ntasks-per-node=2 --gpus-per-task=1 --cpu-bind=cores -t 15 ./stencil2d-mpi-corners-pipelined.x --nx 1024 --ny 1024 --nz 64 --num_iter 1024,OMP_NUM_THREADS=1,--ntasks-per-node=2 --gpus-per-task=1 --cpu-bind=cores -t 15,,5f659f41dc0b2cbd347870eaa2405c47714603f4,main,1,837291,2026-08-31T13:29:40+02:00,0,60.546,recorded,results/corners/results_strong_1024_detailed_timing/result_pipelined_N1_n2_c1_rep2.py
pipelined,results_strong_1024_detailed_timing,pipelined,strong,3,1,2,1,1024,1024,64,1024,-1,-1,44.7223,1.544815,43.71648,1.275026,43.44667,0.7777948,0.09455483,0.4021786,./stencil2d-mpi-corners-pipelined.x,env OMP_NUM_THREADS=1 srun -A hpc4wc-course2026-ethz --uenv=prgenv-gnu/26.3:v1 --view=default -N 1 -n 2 -c 1 --ntasks-per-node=2 --gpus-per-task=1 --cpu-bind=cores -t 15 ./stencil2d-mpi-corners-pipelined.x --nx 1024 --ny 1024 --nz 64 --num_iter 1024,OMP_NUM_THREADS=1,--ntasks-per-node=2 --gpus-per-task=1 --cpu-bind=cores -t 15,,5f659f41dc0b2cbd347870eaa2405c47714603f4,main,1,837295,2026-08-31T13:32:41+02:00,0,62.207,recorded,results/corners/results_strong_1024_detailed_timing/result_pipelined_N1_n2_c1_rep3.py
pipelined,results_strong_1024_detailed_timing,pipelined,strong,1,1,4,1,1024,1024,64,1024,-1,-1,24.90287,1.301602,24.22777,0.9703067,23.93193,0.508463,0.09693067,0.364453,./stencil2d-mpi-corners-pipelined.x,env OMP_NUM_THREADS=1 srun -A hpc4wc-course2026-ethz --uenv=prgenv-gnu/26.3:v1 --view=default -N 1 -n 4 -c 1 --ntasks-per-node=4 --gpus-per-task=1 --cpu-bind=cores -t 15 ./stencil2d-mpi-corners-pipelined.x --nx 1024 --ny 1024 --nz 64 --num_iter 1024,OMP_NUM_THREADS=1,--ntasks-per-node=4 --gpus-per-task=1 --cpu-bind=cores -t 15,,5f659f41dc0b2cbd347870eaa2405c47714603f4,main,1,837278,2026-08-31T13:20:02+02:00,0,40.633,recorded,results/corners/results_strong_1024_detailed_timing/result_pipelined_N1_n4_c1_rep1.py
pipelined,results_strong_1024_detailed_timing,pipelined,strong,2,1,4,1,1024,1024,64,1024,-1,-1,25.10912,1.147581,24.30351,1.004086,24.10439,0.5228453,0.09856314,0.3821047,./stencil2d-mpi-corners-pipelined.x,env OMP_NUM_THREADS=1 srun -A hpc4wc-course2026-ethz --uenv=prgenv-gnu/26.3:v1 --view=default -N 1 -n 4 -c 1 --ntasks-per-node=4 --gpus-per-task=1 --cpu-bind=cores -t 15 ./stencil2d-mpi-corners-pipelined.x --nx 1024 --ny 1024 --nz 64 --num_iter 1024,OMP_NUM_THREADS=1,--ntasks-per-node=4 --gpus-per-task=1 --cpu-bind=cores -t 15,,5f659f41dc0b2cbd347870eaa2405c47714603f4,main,1,837281,2026-08-31T13:22:06+02:00,0,40.963,recorded,results/corners/results_strong_1024_detailed_timing/result_pipelined_N1_n4_c1_rep2.py
pipelined,results_strong_1024_detailed_timing,pipelined,strong,3,1,4,1,1024,1024,64,1024,-1,-1,25.3187,1.308813,24.49091,1.039204,24.27892,0.5384624,0.1000721,0.4001668,./stencil2d-mpi-corners-pipelined.x,env OMP_NUM_THREADS=1 srun -A hpc4wc-course2026-ethz --uenv=prgenv-gnu/26.3:v1 --view=default -N 1 -n 4 -c 1 --ntasks-per-node=4 --gpus-per-task=1 --cpu-bind=cores -t 15 ./stencil2d-mpi-corners-pipelined.x --nx 1024 --ny 1024 --nz 64 --num_iter 1024,OMP_NUM_THREADS=1,--ntasks-per-node=4 --gpus-per-task=1 --cpu-bind=cores -t 15,,5f659f41dc0b2cbd347870eaa2405c47714603f4,main,1,837284,2026-08-31T13:24:11+02:00,0,41.001,recorded,results/corners/results_strong_1024_detailed_timing/result_pipelined_N1_n4_c1_rep3.py
pipelined,results_strong_1024_detailed_timing,pipelined,strong,1,2,8,1,1024,1024,64,1024,-1,-1,9.988813,0.680243,9.584281,0.5644615,9.423792,0.225532,0.07176056,0.2663436,./stencil2d-mpi-corners-pipelined.x,env OMP_NUM_THREADS=1 srun -A hpc4wc-course2026-ethz --uenv=prgenv-gnu/26.3:v1 --view=default -N 2 -n 8 -c 1 --ntasks-per-node=4 --gpus-per-task=1 --cpu-bind=cores -t 15 ./stencil2d-mpi-corners-pipelined.x --nx 1024 --ny 1024 --nz 64 --num_iter 1024,OMP_NUM_THREADS=1,--ntasks-per-node=4 --gpus-per-task=1 --cpu-bind=cores -t 15,,5f659f41dc0b2cbd347870eaa2405c47714603f4,main,1,837265,2026-08-31T13:15:32+02:00,0,28.461,recorded,results/corners/results_strong_1024_detailed_timing/result_pipelined_N2_n8_c1_rep1.py
pipelined,results_strong_1024_detailed_timing,pipelined,strong,2,2,8,1,1024,1024,64,1024,-1,-1,9.926529,0.5581768,9.578517,0.4881545,9.437791,0.231893,0.07219117,0.1833505,./stencil2d-mpi-corners-pipelined.x,env OMP_NUM_THREADS=1 srun -A hpc4wc-course2026-ethz --uenv=prgenv-gnu/26.3:v1 --view=default -N 2 -n 8 -c 1 --ntasks-per-node=4 --gpus-per-task=1 --cpu-bind=cores -t 15 ./stencil2d-mpi-corners-pipelined.x --nx 1024 --ny 1024 --nz 64 --num_iter 1024,OMP_NUM_THREADS=1,--ntasks-per-node=4 --gpus-per-task=1 --cpu-bind=cores -t 15,,5f659f41dc0b2cbd347870eaa2405c47714603f4,main,1,837271,2026-08-31T13:16:58+02:00,0,27.301,recorded,results/corners/results_strong_1024_detailed_timing/result_pipelined_N2_n8_c1_rep2.py
pipelined,results_strong_1024_detailed_timing,pipelined,strong,3,2,8,1,1024,1024,64,1024,-1,-1,9.869251,0.5765329,9.517794,0.4552265,9.413418,0.2281629,0.07068168,0.1555182,./stencil2d-mpi-corners-pipelined.x,env OMP_NUM_THREADS=1 srun -A hpc4wc-course2026-ethz --uenv=prgenv-gnu/26.3:v1 --view=default -N 2 -n 8 -c 1 --ntasks-per-node=4 --gpus-per-task=1 --cpu-bind=cores -t 15 ./stencil2d-mpi-corners-pipelined.x --nx 1024 --ny 1024 --nz 64 --num_iter 1024,OMP_NUM_THREADS=1,--ntasks-per-node=4 --gpus-per-task=1 --cpu-bind=cores -t 15,,5f659f41dc0b2cbd347870eaa2405c47714603f4,main,1,837275,2026-08-31T13:18:22+02:00,0,30.577,recorded,results/corners/results_strong_1024_detailed_timing/result_pipelined_N2_n8_c1_rep3.py
pipelined,results_strong_1024_detailed_timing,pipelined,strong,1,4,16,1,1024,1024,64,1024,-1,-1,4.321193,0.5126826,4.050095,0.3600673,3.960934,0.209673,0.03084571,0.1191199,./stencil2d-mpi-corners-pipelined.x,env OMP_NUM_THREADS=1 srun -A hpc4wc-course2026-ethz --uenv=prgenv-gnu/26.3:v1 --view=default -N 4 -n 16 -c 1 --ntasks-per-node=4 --gpus-per-task=1 --cpu-bind=cores -t 15 ./stencil2d-mpi-corners-pipelined.x --nx 1024 --ny 1024 --nz 64 --num_iter 1024,OMP_NUM_THREADS=1,--ntasks-per-node=4 --gpus-per-task=1 --cpu-bind=cores -t 15,,5f659f41dc0b2cbd347870eaa2405c47714603f4,main,1,837251,2026-08-31T13:12:05+02:00,0,23.11,recorded,results/corners/results_strong_1024_detailed_timing/result_pipelined_N4_n16_c1_rep1.py
pipelined,results_strong_1024_detailed_timing,pipelined,strong,2,4,16,1,1024,1024,64,1024,-1,-1,4.437237,0.5795976,4.140869,0.4577834,3.97927,0.2142696,0.03055381,0.2127753,./stencil2d-mpi-corners-pipelined.x,env OMP_NUM_THREADS=1 srun -A hpc4wc-course2026-ethz --uenv=prgenv-gnu/26.3:v1 --view=default -N 4 -n 16 -c 1 --ntasks-per-node=4 --gpus-per-task=1 --cpu-bind=cores -t 15 ./stencil2d-mpi-corners-pipelined.x --nx 1024 --ny 1024 --nz 64 --num_iter 1024,OMP_NUM_THREADS=1,--ntasks-per-node=4 --gpus-per-task=1 --cpu-bind=cores -t 15,,5f659f41dc0b2cbd347870eaa2405c47714603f4,main,1,837256,2026-08-31T13:13:13+02:00,0,22.849,recorded,results/corners/results_strong_1024_detailed_timing/result_pipelined_N4_n16_c1_rep2.py
pipelined,results_strong_1024_detailed_timing,pipelined,strong,3,4,16,1,1024,1024,64,1024,-1,-1,4.435342,0.5826843,4.138296,0.4613804,3.97377,0.2100324,0.03031889,0.2206521,./stencil2d-mpi-corners-pipelined.x,env OMP_NUM_THREADS=1 srun -A hpc4wc-course2026-ethz --uenv=prgenv-gnu/26.3:v1 --view=default -N 4 -n 16 -c 1 --ntasks-per-node=4 --gpus-per-task=1 --cpu-bind=cores -t 15 ./stencil2d-mpi-corners-pipelined.x --nx 1024 --ny 1024 --nz 64 --num_iter 1024,OMP_NUM_THREADS=1,--ntasks-per-node=4 --gpus-per-task=1 --cpu-bind=cores -t 15,,5f659f41dc0b2cbd347870eaa2405c47714603f4,main,1,837261,2026-08-31T13:14:20+02:00,0,22.759,recorded,results/corners/results_strong_1024_detailed_timing/result_pipelined_N4_n16_c1_rep3.py
pipelined,results_strong_1024_detailed_timing,pipelined,strong,1,8,32,1,1024,1024,64,1024,-1,-1,2.217801,0.2954915,2.031628,0.2395416,1.978104,0.1259146,0.02236995,0.09077272,./stencil2d-mpi-corners-pipelined.x,env OMP_NUM_THREADS=1 srun -A hpc4wc-course2026-ethz --uenv=prgenv-gnu/26.3:v1 --view=default -N 8 -n 32 -c 1 --ntasks-per-node=4 --gpus-per-task=1 --cpu-bind=cores -t 15 ./stencil2d-mpi-corners-pipelined.x --nx 1024 --ny 1024 --nz 64 --num_iter 1024,OMP_NUM_THREADS=1,--ntasks-per-node=4 --gpus-per-task=1 --cpu-bind=cores -t 15,,5f659f41dc0b2cbd347870eaa2405c47714603f4,main,1,837237,2026-08-31T13:09:01+02:00,0,20.371,recorded,results/corners/results_strong_1024_detailed_timing/result_pipelined_N8_n32_c1_rep1.py
pipelined,results_strong_1024_detailed_timing,pipelined,strong,2,8,32,1,1024,1024,64,1024,-1,-1,2.181672,0.257042,2.006481,0.2106405,1.970873,0.1271778,0.02245305,0.06051114,./stencil2d-mpi-corners-pipelined.x,env OMP_NUM_THREADS=1 srun -A hpc4wc-course2026-ethz --uenv=prgenv-gnu/26.3:v1 --view=default -N 8 -n 32 -c 1 --ntasks-per-node=4 --gpus-per-task=1 --cpu-bind=cores -t 15 ./stencil2d-mpi-corners-pipelined.x --nx 1024 --ny 1024 --nz 64 --num_iter 1024,OMP_NUM_THREADS=1,--ntasks-per-node=4 --gpus-per-task=1 --cpu-bind=cores -t 15,,5f659f41dc0b2cbd347870eaa2405c47714603f4,main,1,837242,2026-08-31T13:10:00+02:00,0,20.654,recorded,results/corners/results_strong_1024_detailed_timing/result_pipelined_N8_n32_c1_rep2.py
pipelined,results_strong_1024_detailed_timing,pipelined,strong,3,8,32,1,1024,1024,64,1024,-1,-1,2.23436,0.3026802,2.04657,0.2502144,1.983998,0.1286505,0.02241637,0.09867585,./stencil2d-mpi-corners-pipelined.x,env OMP_NUM_THREADS=1 srun -A hpc4wc-course2026-ethz --uenv=prgenv-gnu/26.3:v1 --view=default -N 8 -n 32 -c 1 --ntasks-per-node=4 --gpus-per-task=1 --cpu-bind=cores -t 15 ./stencil2d-mpi-corners-pipelined.x --nx 1024 --ny 1024 --nz 64 --num_iter 1024,OMP_NUM_THREADS=1,--ntasks-per-node=4 --gpus-per-task=1 --cpu-bind=cores -t 15,,5f659f41dc0b2cbd347870eaa2405c47714603f4,main,1,837247,2026-08-31T13:11:02+02:00,0,20.439,recorded,results/corners/results_strong_1024_detailed_timing/result_pipelined_N8_n32_c1_rep3.py
pipelined,results_strong_1024_detailed_timing,pipelined,strong,1,16,64,1,1024,1024,64,1024,-1,-1,1.346797,0.243786,1.163096,0.2072645,1.139392,0.1127587,0.01966743,0.07434507,./stencil2d-mpi-corners-pipelined.x,env OMP_NUM_THREADS=1 srun -A hpc4wc-course2026-ethz --uenv=prgenv-gnu/26.3:v1 --view=default -N 16 -n 64 -c 1 --ntasks-per-node=4 --gpus-per-task=1 --cpu-bind=cores -t 15 ./stencil2d-mpi-corners-pipelined.x --nx 1024 --ny 1024 --nz 64 --num_iter 1024,OMP_NUM_THREADS=1,--ntasks-per-node=4 --gpus-per-task=1 --cpu-bind=cores -t 15,,5f659f41dc0b2cbd347870eaa2405c47714603f4,main,1,837158,2026-08-31T12:44:49+02:00,0,28.143,recorded,results/corners/results_strong_1024_detailed_timing/result_pipelined_N16_n64_c1_rep1.py
pipelined,results_strong_1024_detailed_timing,pipelined,strong,2,16,64,1,1024,1024,64,1024,-1,-1,1.34637,0.2604469,1.160346,0.214203,1.132027,0.1106764,0.01963567,0.08341537,./stencil2d-mpi-corners-pipelined.x,env OMP_NUM_THREADS=1 srun -A hpc4wc-course2026-ethz --uenv=prgenv-gnu/26.3:v1 --view=default -N 16 -n 64 -c 1 --ntasks-per-node=4 --gpus-per-task=1 --cpu-bind=cores -t 15 ./stencil2d-mpi-corners-pipelined.x --nx 1024 --ny 1024 --nz 64 --num_iter 1024,OMP_NUM_THREADS=1,--ntasks-per-node=4 --gpus-per-task=1 --cpu-bind=cores -t 15,,5f659f41dc0b2cbd347870eaa2405c47714603f4,main,1,837164,2026-08-31T12:46:19+02:00,0,30.229,recorded,results/corners/results_strong_1024_detailed_timing/result_pipelined_N16_n64_c1_rep2.py
pipelined,results_strong_1024_detailed_timing,pipelined,strong,3,16,64,1,1024,1024,64,1024,-1,-1,1.346409,0.2522609,1.163202,0.2146453,1.131623,0.1135954,0.01970166,0.08084901,./stencil2d-mpi-corners-pipelined.x,env OMP_NUM_THREADS=1 srun -A hpc4wc-course2026-ethz --uenv=prgenv-gnu/26.3:v1 --view=default -N 16 -n 64 -c 1 --ntasks-per-node=4 --gpus-per-task=1 --cpu-bind=cores -t 15 ./stencil2d-mpi-corners-pipelined.x --nx 1024 --ny 1024 --nz 64 --num_iter 1024,OMP_NUM_THREADS=1,--ntasks-per-node=4 --gpus-per-task=1 --cpu-bind=cores -t 15,,5f659f41dc0b2cbd347870eaa2405c47714603f4,main,1,837172,2026-08-31T12:47:48+02:00,0,30.415,recorded,results/corners/results_strong_1024_detailed_timing/result_pipelined_N16_n64_c1_rep3.py
pipelined,results_corners_strong_1024_timed_n96,pipelined,strong,1,24,96,1,1024,1024,64,1024,-1,-1,0.936222,0.2174336,0.7872202,0.1785502,0.7575373,0.08400739,0.01804671,0.07599134,./stencil2d-mpi-corners-pipelined.x,env OMP_NUM_THREADS=1 srun -A hpc4wc-course2026-ethz --uenv=prgenv-gnu/26.3:v1 --view=default -N 24 -n 96 -c 1 --ntasks-per-node=4 --gpus-per-task=1 --cpu-bind=cores ./stencil2d-mpi-corners-pipelined.x --nx 1024 --ny 1024 --nz 64 --num_iter 1024,OMP_NUM_THREADS=1,--ntasks-per-node=4 --gpus-per-task=1 --cpu-bind=cores,,5f659f41dc0b2cbd347870eaa2405c47714603f4,main,1,837622,2026-08-31T14:42:07+02:00,0,27.069,recorded,results/corners/results_corners_strong_1024_timed_n96/result_pipelined_N24_n96_c1_rep1.py
pipelined,results_corners_strong_1024_timed_n96,pipelined,strong,2,24,96,1,1024,1024,64,1024,-1,-1,0.9757669,0.2610608,0.7831988,0.2216544,0.7539756,0.08291323,0.01801303,0.1201997,./stencil2d-mpi-corners-pipelined.x,env OMP_NUM_THREADS=1 srun -A hpc4wc-course2026-ethz --uenv=prgenv-gnu/26.3:v1 --view=default -N 24 -n 96 -c 1 --ntasks-per-node=4 --gpus-per-task=1 --cpu-bind=cores ./stencil2d-mpi-corners-pipelined.x --nx 1024 --ny 1024 --nz 64 --num_iter 1024,OMP_NUM_THREADS=1,--ntasks-per-node=4 --gpus-per-task=1 --cpu-bind=cores,,5f659f41dc0b2cbd347870eaa2405c47714603f4,main,1,837628,2026-08-31T14:43:25+02:00,0,25.034,recorded,results/corners/results_corners_strong_1024_timed_n96/result_pipelined_N24_n96_c1_rep2.py
pipelined,results_corners_strong_1024_timed_n96,pipelined,strong,3,24,96,1,1024,1024,64,1024,-1,-1,0.9167445,0.2047497,0.7752684,0.1647085,0.7518968,0.08312177,0.01785014,0.06321636,./stencil2d-mpi-corners-pipelined.x,env OMP_NUM_THREADS=1 srun -A hpc4wc-course2026-ethz --uenv=prgenv-gnu/26.3:v1 --view=default -N 24 -n 96 -c 1 --ntasks-per-node=4 --gpus-per-task=1 --cpu-bind=cores ./stencil2d-mpi-corners-pipelined.x --nx 1024 --ny 1024 --nz 64 --num_iter 1024,OMP_NUM_THREADS=1,--ntasks-per-node=4 --gpus-per-task=1 --cpu-bind=cores,,5f659f41dc0b2cbd347870eaa2405c47714603f4,main,1,837633,2026-08-31T14:44:43+02:00,0,26.459,recorded,results/corners/results_corners_strong_1024_timed_n96/result_pipelined_N24_n96_c1_rep3.py
waitany,results_strong_1024_detailed_timing,waitany,strong,1,1,1,1,1024,1024,64,1024,-1,-1,92.41404,1.447811,90.9657,1.447811,90.9657,1.343266,0.09957558,0.003844311,./stencil2d-mpi-corners-waitany.x,env OMP_NUM_THREADS=1 srun -A hpc4wc-course2026-ethz --uenv=prgenv-gnu/26.3:v1 --view=default -N 1 -n 1 -c 1 --ntasks-per-node=1 --gpus-per-task=1 --cpu-bind=cores -t 15 ./stencil2d-mpi-corners-waitany.x --nx 1024 --ny 1024 --nz 64 --num_iter 1024,OMP_NUM_THREADS=1,--ntasks-per-node=1 --gpus-per-task=1 --cpu-bind=cores -t 15,,5f659f41dc0b2cbd347870eaa2405c47714603f4,main,1,837300,2026-08-31T13:36:31+02:00,0,106.991,recorded,results/corners/results_strong_1024_detailed_timing/result_waitany_N1_n1_c1_rep1.py
waitany,results_strong_1024_detailed_timing,waitany,strong,2,1,1,1,1024,1024,64,1024,-1,-1,93.69266,1.352034,92.33985,1.352034,92.33985,1.250637,0.09626223,0.00372773,./stencil2d-mpi-corners-waitany.x,env OMP_NUM_THREADS=1 srun -A hpc4wc-course2026-ethz --uenv=prgenv-gnu/26.3:v1 --view=default -N 1 -n 1 -c 1 --ntasks-per-node=1 --gpus-per-task=1 --cpu-bind=cores -t 15 ./stencil2d-mpi-corners-waitany.x --nx 1024 --ny 1024 --nz 64 --num_iter 1024,OMP_NUM_THREADS=1,--ntasks-per-node=1 --gpus-per-task=1 --cpu-bind=cores -t 15,,5f659f41dc0b2cbd347870eaa2405c47714603f4,main,1,837363,2026-08-31T13:41:46+02:00,0,108.864,recorded,results/corners/results_strong_1024_detailed_timing/result_waitany_N1_n1_c1_rep2.py
waitany,results_strong_1024_detailed_timing,waitany,strong,3,1,1,1,1024,1024,64,1024,-1,-1,88.84887,1.408374,87.43994,1.408374,87.43994,1.305005,0.0988436,0.00355741,./stencil2d-mpi-corners-waitany.x,env OMP_NUM_THREADS=1 srun -A hpc4wc-course2026-ethz --uenv=prgenv-gnu/26.3:v1 --view=default -N 1 -n 1 -c 1 --ntasks-per-node=1 --gpus-per-task=1 --cpu-bind=cores -t 15 ./stencil2d-mpi-corners-waitany.x --nx 1024 --ny 1024 --nz 64 --num_iter 1024,OMP_NUM_THREADS=1,--ntasks-per-node=1 --gpus-per-task=1 --cpu-bind=cores -t 15,,5f659f41dc0b2cbd347870eaa2405c47714603f4,main,1,837367,2026-08-31T13:47:11+02:00,0,104.692,recorded,results/corners/results_strong_1024_detailed_timing/result_waitany_N1_n1_c1_rep3.py
waitany,results_strong_1024_detailed_timing,waitany,strong,1,1,2,1,1024,1024,64,1024,-1,-1,44.44769,1.246767,43.37057,1.161699,43.28533,0.7765265,0.01641948,0.3668235,./stencil2d-mpi-corners-waitany.x,env OMP_NUM_THREADS=1 srun -A hpc4wc-course2026-ethz --uenv=prgenv-gnu/26.3:v1 --view=default -N 1 -n 2 -c 1 --ntasks-per-node=2 --gpus-per-task=1 --cpu-bind=cores -t 15 ./stencil2d-mpi-corners-waitany.x --nx 1024 --ny 1024 --nz 64 --num_iter 1024,OMP_NUM_THREADS=1,--ntasks-per-node=2 --gpus-per-task=1 --cpu-bind=cores -t 15,,5f659f41dc0b2cbd347870eaa2405c47714603f4,main,1,837289,2026-08-31T13:27:36+02:00,0,61.911,recorded,results/corners/results_strong_1024_detailed_timing/result_waitany_N1_n2_c1_rep1.py
waitany,results_strong_1024_detailed_timing,waitany,strong,2,1,2,1,1024,1024,64,1024,-1,-1,44.24843,1.171652,43.27089,1.074478,43.17315,0.7190227,0.01659579,0.3373525,./stencil2d-mpi-corners-waitany.x,env OMP_NUM_THREADS=1 srun -A hpc4wc-course2026-ethz --uenv=prgenv-gnu/26.3:v1 --view=default -N 1 -n 2 -c 1 --ntasks-per-node=2 --gpus-per-task=1 --cpu-bind=cores -t 15 ./stencil2d-mpi-corners-waitany.x --nx 1024 --ny 1024 --nz 64 --num_iter 1024,OMP_NUM_THREADS=1,--ntasks-per-node=2 --gpus-per-task=1 --cpu-bind=cores -t 15,,5f659f41dc0b2cbd347870eaa2405c47714603f4,main,1,837292,2026-08-31T13:30:40+02:00,0,61.44,recorded,results/corners/results_strong_1024_detailed_timing/result_waitany_N1_n2_c1_rep2.py
waitany,results_strong_1024_detailed_timing,waitany,strong,3,1,2,1,1024,1024,64,1024,-1,-1,44.59846,1.736478,43.63997,1.346838,43.25089,0.7097214,0.01709101,0.6184874,./stencil2d-mpi-corners-waitany.x,env OMP_NUM_THREADS=1 srun -A hpc4wc-course2026-ethz --uenv=prgenv-gnu/26.3:v1 --view=default -N 1 -n 2 -c 1 --ntasks-per-node=2 --gpus-per-task=1 --cpu-bind=cores -t 15 ./stencil2d-mpi-corners-waitany.x --nx 1024 --ny 1024 --nz 64 --num_iter 1024,OMP_NUM_THREADS=1,--ntasks-per-node=2 --gpus-per-task=1 --cpu-bind=cores -t 15,,5f659f41dc0b2cbd347870eaa2405c47714603f4,main,1,837296,2026-08-31T13:33:43+02:00,0,60.944,recorded,results/corners/results_strong_1024_detailed_timing/result_waitany_N1_n2_c1_rep3.py
waitany,results_strong_1024_detailed_timing,waitany,strong,1,1,4,1,1024,1024,64,1024,-1,-1,25.32406,1.30442,24.61441,1.052595,24.2704,0.5191881,0.02229693,0.5097211,./stencil2d-mpi-corners-waitany.x,env OMP_NUM_THREADS=1 srun -A hpc4wc-course2026-ethz --uenv=prgenv-gnu/26.3:v1 --view=default -N 1 -n 4 -c 1 --ntasks-per-node=4 --gpus-per-task=1 --cpu-bind=cores -t 15 ./stencil2d-mpi-corners-waitany.x --nx 1024 --ny 1024 --nz 64 --num_iter 1024,OMP_NUM_THREADS=1,--ntasks-per-node=4 --gpus-per-task=1 --cpu-bind=cores -t 15,,5f659f41dc0b2cbd347870eaa2405c47714603f4,main,1,837279,2026-08-31T13:20:42+02:00,0,41.089,recorded,results/corners/results_strong_1024_detailed_timing/result_waitany_N1_n4_c1_rep1.py
waitany,results_strong_1024_detailed_timing,waitany,strong,2,1,4,1,1024,1024,64,1024,-1,-1,24.85362,0.8822325,24.1414,0.7929072,24.05968,0.5152461,0.02041079,0.2556763,./stencil2d-mpi-corners-waitany.x,env OMP_NUM_THREADS=1 srun -A hpc4wc-course2026-ethz --uenv=prgenv-gnu/26.3:v1 --view=default -N 1 -n 4 -c 1 --ntasks-per-node=4 --gpus-per-task=1 --cpu-bind=cores -t 15 ./stencil2d-mpi-corners-waitany.x --nx 1024 --ny 1024 --nz 64 --num_iter 1024,OMP_NUM_THREADS=1,--ntasks-per-node=4 --gpus-per-task=1 --cpu-bind=cores -t 15,,5f659f41dc0b2cbd347870eaa2405c47714603f4,main,1,837282,2026-08-31T13:22:47+02:00,0,42.11,recorded,results/corners/results_strong_1024_detailed_timing/result_waitany_N1_n4_c1_rep2.py
waitany,results_strong_1024_detailed_timing,waitany,strong,3,1,4,1,1024,1024,64,1024,-1,-1,25.30457,1.384475,24.53288,1.090869,24.21273,0.5132236,0.02149891,0.5547926,./stencil2d-mpi-corners-waitany.x,env OMP_NUM_THREADS=1 srun -A hpc4wc-course2026-ethz --uenv=prgenv-gnu/26.3:v1 --view=default -N 1 -n 4 -c 1 --ntasks-per-node=4 --gpus-per-task=1 --cpu-bind=cores -t 15 ./stencil2d-mpi-corners-waitany.x --nx 1024 --ny 1024 --nz 64 --num_iter 1024,OMP_NUM_THREADS=1,--ntasks-per-node=4 --gpus-per-task=1 --cpu-bind=cores -t 15,,5f659f41dc0b2cbd347870eaa2405c47714603f4,main,1,837285,2026-08-31T13:24:52+02:00,0,41.723,recorded,results/corners/results_strong_1024_detailed_timing/result_waitany_N1_n4_c1_rep3.py
waitany,results_strong_1024_detailed_timing,waitany,strong,1,2,8,1,1024,1024,64,1024,-1,-1,10.01376,0.606228,9.543006,0.5442484,9.468773,0.2373366,0.02863291,0.2762318,./stencil2d-mpi-corners-waitany.x,env OMP_NUM_THREADS=1 srun -A hpc4wc-course2026-ethz --uenv=prgenv-gnu/26.3:v1 --view=default -N 2 -n 8 -c 1 --ntasks-per-node=4 --gpus-per-task=1 --cpu-bind=cores -t 15 ./stencil2d-mpi-corners-waitany.x --nx 1024 --ny 1024 --nz 64 --num_iter 1024,OMP_NUM_THREADS=1,--ntasks-per-node=4 --gpus-per-task=1 --cpu-bind=cores -t 15,,5f659f41dc0b2cbd347870eaa2405c47714603f4,main,1,837267,2026-08-31T13:16:00+02:00,0,27.521,recorded,results/corners/results_strong_1024_detailed_timing/result_waitany_N2_n8_c1_rep1.py
waitany,results_strong_1024_detailed_timing,waitany,strong,2,2,8,1,1024,1024,64,1024,-1,-1,9.859088,0.5422624,9.505444,0.4130573,9.445376,0.2392681,0.02646734,0.1453846,./stencil2d-mpi-corners-waitany.x,env OMP_NUM_THREADS=1 srun -A hpc4wc-course2026-ethz --uenv=prgenv-gnu/26.3:v1 --view=default -N 2 -n 8 -c 1 --ntasks-per-node=4 --gpus-per-task=1 --cpu-bind=cores -t 15 ./stencil2d-mpi-corners-waitany.x --nx 1024 --ny 1024 --nz 64 --num_iter 1024,OMP_NUM_THREADS=1,--ntasks-per-node=4 --gpus-per-task=1 --cpu-bind=cores -t 15,,5f659f41dc0b2cbd347870eaa2405c47714603f4,main,1,837272,2026-08-31T13:17:25+02:00,0,28.428,recorded,results/corners/results_strong_1024_detailed_timing/result_waitany_N2_n8_c1_rep2.py
waitany,results_strong_1024_detailed_timing,waitany,strong,3,2,8,1,1024,1024,64,1024,-1,-1,9.985982,0.6021185,9.498091,0.5413543,9.443931,0.240373,0.02765278,0.2714235,./stencil2d-mpi-corners-waitany.x,env OMP_NUM_THREADS=1 srun -A hpc4wc-course2026-ethz --uenv=prgenv-gnu/26.3:v1 --view=default -N 2 -n 8 -c 1 --ntasks-per-node=4 --gpus-per-task=1 --cpu-bind=cores -t 15 ./stencil2d-mpi-corners-waitany.x --nx 1024 --ny 1024 --nz 64 --num_iter 1024,OMP_NUM_THREADS=1,--ntasks-per-node=4 --gpus-per-task=1 --cpu-bind=cores -t 15,,5f659f41dc0b2cbd347870eaa2405c47714603f4,main,1,837276,2026-08-31T13:18:53+02:00,0,27.575,recorded,results/corners/results_strong_1024_detailed_timing/result_waitany_N2_n8_c1_rep3.py
waitany,results_strong_1024_detailed_timing,waitany,strong,1,4,16,1,1024,1024,64,1024,-1,-1,4.358687,0.4921188,4.065102,0.4080081,3.950521,0.2227779,0.01215239,0.171695,./stencil2d-mpi-corners-waitany.x,env OMP_NUM_THREADS=1 srun -A hpc4wc-course2026-ethz --uenv=prgenv-gnu/26.3:v1 --view=default -N 4 -n 16 -c 1 --ntasks-per-node=4 --gpus-per-task=1 --cpu-bind=cores -t 15 ./stencil2d-mpi-corners-waitany.x --nx 1024 --ny 1024 --nz 64 --num_iter 1024,OMP_NUM_THREADS=1,--ntasks-per-node=4 --gpus-per-task=1 --cpu-bind=cores -t 15,,5f659f41dc0b2cbd347870eaa2405c47714603f4,main,1,837253,2026-08-31T13:12:28+02:00,0,22.049,recorded,results/corners/results_strong_1024_detailed_timing/result_waitany_N4_n16_c1_rep1.py
waitany,results_strong_1024_detailed_timing,waitany,strong,2,4,16,1,1024,1024,64,1024,-1,-1,4.359006,0.530277,4.059366,0.4077581,3.951095,0.2238832,0.01214378,0.1703784,./stencil2d-mpi-corners-waitany.x,env OMP_NUM_THREADS=1 srun -A hpc4wc-course2026-ethz --uenv=prgenv-gnu/26.3:v1 --view=default -N 4 -n 16 -c 1 --ntasks-per-node=4 --gpus-per-task=1 --cpu-bind=cores -t 15 ./stencil2d-mpi-corners-waitany.x --nx 1024 --ny 1024 --nz 64 --num_iter 1024,OMP_NUM_THREADS=1,--ntasks-per-node=4 --gpus-per-task=1 --cpu-bind=cores -t 15,,5f659f41dc0b2cbd347870eaa2405c47714603f4,main,1,837258,2026-08-31T13:13:36+02:00,0,22.186,recorded,results/corners/results_strong_1024_detailed_timing/result_waitany_N4_n16_c1_rep2.py
waitany,results_strong_1024_detailed_timing,waitany,strong,3,4,16,1,1024,1024,64,1024,-1,-1,4.555975,0.7201381,4.264422,0.5691403,3.986649,0.2221225,0.01263182,0.3332525,./stencil2d-mpi-corners-waitany.x,env OMP_NUM_THREADS=1 srun -A hpc4wc-course2026-ethz --uenv=prgenv-gnu/26.3:v1 --view=default -N 4 -n 16 -c 1 --ntasks-per-node=4 --gpus-per-task=1 --cpu-bind=cores -t 15 ./stencil2d-mpi-corners-waitany.x --nx 1024 --ny 1024 --nz 64 --num_iter 1024,OMP_NUM_THREADS=1,--ntasks-per-node=4 --gpus-per-task=1 --cpu-bind=cores -t 15,,5f659f41dc0b2cbd347870eaa2405c47714603f4,main,1,837262,2026-08-31T13:14:43+02:00,0,22.446,recorded,results/corners/results_strong_1024_detailed_timing/result_waitany_N4_n16_c1_rep3.py
waitany,results_strong_1024_detailed_timing,waitany,strong,1,8,32,1,1024,1024,64,1024,-1,-1,2.216952,0.2825098,2.011213,0.2363702,1.980434,0.1376852,0.01058302,0.08661192,./stencil2d-mpi-corners-waitany.x,env OMP_NUM_THREADS=1 srun -A hpc4wc-course2026-ethz --uenv=prgenv-gnu/26.3:v1 --view=default -N 8 -n 32 -c 1 --ntasks-per-node=4 --gpus-per-task=1 --cpu-bind=cores -t 15 ./stencil2d-mpi-corners-waitany.x --nx 1024 --ny 1024 --nz 64 --num_iter 1024,OMP_NUM_THREADS=1,--ntasks-per-node=4 --gpus-per-task=1 --cpu-bind=cores -t 15,,5f659f41dc0b2cbd347870eaa2405c47714603f4,main,1,837239,2026-08-31T13:09:22+02:00,0,19.207,recorded,results/corners/results_strong_1024_detailed_timing/result_waitany_N8_n32_c1_rep1.py
waitany,results_strong_1024_detailed_timing,waitany,strong,2,8,32,1,1024,1024,64,1024,-1,-1,2.218701,0.2877216,2.027884,0.2406162,1.977939,0.1365678,0.01060855,0.09198069,./stencil2d-mpi-corners-waitany.x,env OMP_NUM_THREADS=1 srun -A hpc4wc-course2026-ethz --uenv=prgenv-gnu/26.3:v1 --view=default -N 8 -n 32 -c 1 --ntasks-per-node=4 --gpus-per-task=1 --cpu-bind=cores -t 15 ./stencil2d-mpi-corners-waitany.x --nx 1024 --ny 1024 --nz 64 --num_iter 1024,OMP_NUM_THREADS=1,--ntasks-per-node=4 --gpus-per-task=1 --cpu-bind=cores -t 15,,5f659f41dc0b2cbd347870eaa2405c47714603f4,main,1,837244,2026-08-31T13:10:21+02:00,0,20.421,recorded,results/corners/results_strong_1024_detailed_timing/result_waitany_N8_n32_c1_rep2.py
waitany,results_strong_1024_detailed_timing,waitany,strong,3,8,32,1,1024,1024,64,1024,-1,-1,2.205923,0.2902711,2.014154,0.2360867,1.969698,0.1373028,0.01058557,0.08671571,./stencil2d-mpi-corners-waitany.x,env OMP_NUM_THREADS=1 srun -A hpc4wc-course2026-ethz --uenv=prgenv-gnu/26.3:v1 --view=default -N 8 -n 32 -c 1 --ntasks-per-node=4 --gpus-per-task=1 --cpu-bind=cores -t 15 ./stencil2d-mpi-corners-waitany.x --nx 1024 --ny 1024 --nz 64 --num_iter 1024,OMP_NUM_THREADS=1,--ntasks-per-node=4 --gpus-per-task=1 --cpu-bind=cores -t 15,,5f659f41dc0b2cbd347870eaa2405c47714603f4,main,1,837248,2026-08-31T13:11:22+02:00,0,20.204,recorded,results/corners/results_strong_1024_detailed_timing/result_waitany_N8_n32_c1_rep3.py
waitany,results_strong_1024_detailed_timing,waitany,strong,1,16,64,1,1024,1024,64,1024,-1,-1,1.340972,0.246262,1.161219,0.2056613,1.135178,0.1238632,0.009840767,0.07046025,./stencil2d-mpi-corners-waitany.x,env OMP_NUM_THREADS=1 srun -A hpc4wc-course2026-ethz --uenv=prgenv-gnu/26.3:v1 --view=default -N 16 -n 64 -c 1 --ntasks-per-node=4 --gpus-per-task=1 --cpu-bind=cores -t 15 ./stencil2d-mpi-corners-waitany.x --nx 1024 --ny 1024 --nz 64 --num_iter 1024,OMP_NUM_THREADS=1,--ntasks-per-node=4 --gpus-per-task=1 --cpu-bind=cores -t 15,,5f659f41dc0b2cbd347870eaa2405c47714603f4,main,1,837160,2026-08-31T12:45:18+02:00,0,32.912,recorded,results/corners/results_strong_1024_detailed_timing/result_waitany_N16_n64_c1_rep1.py
waitany,results_strong_1024_detailed_timing,waitany,strong,2,16,64,1,1024,1024,64,1024,-1,-1,1.35257,0.2563651,1.160017,0.2205024,1.131936,0.124802,0.009840862,0.08438474,./stencil2d-mpi-corners-waitany.x,env OMP_NUM_THREADS=1 srun -A hpc4wc-course2026-ethz --uenv=prgenv-gnu/26.3:v1 --view=default -N 16 -n 64 -c 1 --ntasks-per-node=4 --gpus-per-task=1 --cpu-bind=cores -t 15 ./stencil2d-mpi-corners-waitany.x --nx 1024 --ny 1024 --nz 64 --num_iter 1024,OMP_NUM_THREADS=1,--ntasks-per-node=4 --gpus-per-task=1 --cpu-bind=cores -t 15,,5f659f41dc0b2cbd347870eaa2405c47714603f4,main,1,837166,2026-08-31T12:46:49+02:00,0,29.478,recorded,results/corners/results_strong_1024_detailed_timing/result_waitany_N16_n64_c1_rep2.py
waitany,results_strong_1024_detailed_timing,waitany,strong,3,16,64,1,1024,1024,64,1024,-1,-1,1.397812,0.2792129,1.206517,0.232477,1.165191,0.124818,0.01001816,0.09618505,./stencil2d-mpi-corners-waitany.x,env OMP_NUM_THREADS=1 srun -A hpc4wc-course2026-ethz --uenv=prgenv-gnu/26.3:v1 --view=default -N 16 -n 64 -c 1 --ntasks-per-node=4 --gpus-per-task=1 --cpu-bind=cores -t 15 ./stencil2d-mpi-corners-waitany.x --nx 1024 --ny 1024 --nz 64 --num_iter 1024,OMP_NUM_THREADS=1,--ntasks-per-node=4 --gpus-per-task=1 --cpu-bind=cores -t 15,,5f659f41dc0b2cbd347870eaa2405c47714603f4,main,1,837174,2026-08-31T12:48:18+02:00,0,1221.783,recorded,results/corners/results_strong_1024_detailed_timing/result_waitany_N16_n64_c1_rep3.py
waitany,results_corners_strong_1024_timed_n96,waitany,strong,1,24,96,1,1024,1024,64,1024,-1,-1,0.9413578,0.2216708,0.7908009,0.1852982,0.7559269,0.09069105,0.009665342,0.08342367,./stencil2d-mpi-corners-waitany.x,env OMP_NUM_THREADS=1 srun -A hpc4wc-course2026-ethz --uenv=prgenv-gnu/26.3:v1 --view=default -N 24 -n 96 -c 1 --ntasks-per-node=4 --gpus-per-task=1 --cpu-bind=cores ./stencil2d-mpi-corners-waitany.x --nx 1024 --ny 1024 --nz 64 --num_iter 1024,OMP_NUM_THREADS=1,--ntasks-per-node=4 --gpus-per-task=1 --cpu-bind=cores,,5f659f41dc0b2cbd347870eaa2405c47714603f4,main,1,837623,2026-08-31T14:42:34+02:00,0,26.745,recorded,results/corners/results_corners_strong_1024_timed_n96/result_waitany_N24_n96_c1_rep1.py
waitany,results_corners_strong_1024_timed_n96,waitany,strong,2,24,96,1,1024,1024,64,1024,-1,-1,0.9217571,0.2054734,0.7737304,0.1683828,0.7532457,0.09024408,0.00950928,0.06710084,./stencil2d-mpi-corners-waitany.x,env OMP_NUM_THREADS=1 srun -A hpc4wc-course2026-ethz --uenv=prgenv-gnu/26.3:v1 --view=default -N 24 -n 96 -c 1 --ntasks-per-node=4 --gpus-per-task=1 --cpu-bind=cores ./stencil2d-mpi-corners-waitany.x --nx 1024 --ny 1024 --nz 64 --num_iter 1024,OMP_NUM_THREADS=1,--ntasks-per-node=4 --gpus-per-task=1 --cpu-bind=cores,,5f659f41dc0b2cbd347870eaa2405c47714603f4,main,1,837631,2026-08-31T14:43:50+02:00,0,26.102,recorded,results/corners/results_corners_strong_1024_timed_n96/result_waitany_N24_n96_c1_rep2.py
waitany,results_corners_strong_1024_timed_n96,waitany,strong,3,24,96,1,1024,1024,64,1024,-1,-1,0.9252687,0.2223596,0.7790926,0.1720807,0.7530573,0.09029057,0.009600419,0.07067432,./stencil2d-mpi-corners-waitany.x,env OMP_NUM_THREADS=1 srun -A hpc4wc-course2026-ethz --uenv=prgenv-gnu/26.3:v1 --view=default -N 24 -n 96 -c 1 --ntasks-per-node=4 --gpus-per-task=1 --cpu-bind=cores ./stencil2d-mpi-corners-waitany.x --nx 1024 --ny 1024 --nz 64 --num_iter 1024,OMP_NUM_THREADS=1,--ntasks-per-node=4 --gpus-per-task=1 --cpu-bind=cores,,5f659f41dc0b2cbd347870eaa2405c47714603f4,main,1,837634,2026-08-31T14:45:10+02:00,0,26.454,recorded,results/corners/results_corners_strong_1024_timed_n96/result_waitany_N24_n96_c1_rep3.py
