rho,tk,qv,qc
9.2330000000000001E-01,2.6962500000000000E+02,1.0000000000000000E-03,0.0000000000000000E+00
9.5209999999999995E-01,2.7157499999999999E+02,1.5000000000000000E-03,0.0000000000000000E+00
9.8150000000000004E-01,2.7352499999999998E+02,2.0000000000000000E-03,0.0000000000000000E+00
1.0113000000000001E+00,2.7217480652356522E+02,3.0000000000000001E-03,0.0000000000000000E+00
1.0424000000000000E+00,2.8107333712254615E+02,7.8919496723804227E-03,1.3080503276195771E-03
1.0738000000000001E+00,2.7674703728020870E+02,3.8000000000000000E-03,0.0000000000000000E+00
1.1064000000000001E+00,2.8132499999999999E+02,7.0000000000000001E-03,0.0000000000000000E+00
1.1391000000000000E+00,2.8632796271659333E+02,1.0066290405241887E-02,9.3370959475811213E-04
1.1729000000000001E+00,2.8832486374789380E+02,1.1049731733941573E-02,9.5026826605842767E-04
1.2074000000000000E+00,2.9024882294034580E+02,1.2055508314615639E-02,9.4449168538436080E-04
