solver,nprocs,topology,nx_global,ny_global,nx_local,ny_local,iteration,kernel_walltime_seconds
manual_kernel,16,16x1,32770,8194,2050,8194,1,0.007129366
manual_kernel,16,16x1,32770,8194,2050,8194,2,0.006033274
manual_kernel,16,16x1,32770,8194,2050,8194,3,0.006034363
manual_kernel,16,16x1,32770,8194,2050,8194,4,0.006159932
manual_kernel,16,16x1,32770,8194,2050,8194,5,0.005979417
manual_kernel,16,16x1,32770,8194,2050,8194,6,0.005966232
manual_kernel,16,16x1,32770,8194,2050,8194,7,0.005977913
manual_kernel,16,16x1,32770,8194,2050,8194,8,0.005982525
manual_kernel,16,16x1,32770,8194,2050,8194,9,0.006030267
manual_kernel,16,16x1,32770,8194,2050,8194,10,0.006433614
manual_kernel,16,16x1,32770,8194,2050,8194,11,0.006006241
manual_kernel,16,16x1,32770,8194,2050,8194,12,0.006005308
manual_kernel,16,16x1,32770,8194,2050,8194,13,0.006002808
manual_kernel,16,16x1,32770,8194,2050,8194,14,0.006005336
manual_kernel,16,16x1,32770,8194,2050,8194,15,0.005999032
manual_kernel,16,16x1,32770,8194,2050,8194,16,0.006019905
manual_kernel,16,16x1,32770,8194,2050,8194,17,0.006021122
manual_kernel,16,16x1,32770,8194,2050,8194,18,0.005997378
manual_kernel,16,16x1,32770,8194,2050,8194,19,0.005996087
manual_kernel,16,16x1,32770,8194,2050,8194,20,0.006402038
manual_kernel,16,16x1,32770,8194,2050,8194,21,0.006025176
manual_kernel,16,16x1,32770,8194,2050,8194,22,0.006071893
manual_kernel,16,16x1,32770,8194,2050,8194,23,0.006115960
manual_kernel,16,16x1,32770,8194,2050,8194,24,0.006115225
manual_kernel,16,16x1,32770,8194,2050,8194,25,0.006115927
manual_kernel,16,16x1,32770,8194,2050,8194,26,0.006076473
manual_kernel,16,16x1,32770,8194,2050,8194,27,0.006111896
manual_kernel,16,16x1,32770,8194,2050,8194,28,0.006069113
manual_kernel,16,16x1,32770,8194,2050,8194,29,0.006061753
manual_kernel,16,16x1,32770,8194,2050,8194,30,0.006472684
manual_kernel,16,16x1,32770,8194,2050,8194,31,0.006057531
manual_kernel,16,16x1,32770,8194,2050,8194,32,0.006054778
manual_kernel,16,16x1,32770,8194,2050,8194,33,0.006073782
manual_kernel,16,16x1,32770,8194,2050,8194,34,0.006073686
manual_kernel,16,16x1,32770,8194,2050,8194,35,0.006075734
manual_kernel,16,16x1,32770,8194,2050,8194,36,0.006079030
manual_kernel,16,16x1,32770,8194,2050,8194,37,0.006034743
manual_kernel,16,16x1,32770,8194,2050,8194,38,0.006052853
manual_kernel,16,16x1,32770,8194,2050,8194,39,0.006094261
manual_kernel,16,16x1,32770,8194,2050,8194,40,0.006562756
manual_kernel,16,16x1,32770,8194,2050,8194,41,0.006146194
manual_kernel,16,16x1,32770,8194,2050,8194,42,0.006063701
manual_kernel,16,16x1,32770,8194,2050,8194,43,0.006036918
manual_kernel,16,16x1,32770,8194,2050,8194,44,0.006044696
manual_kernel,16,16x1,32770,8194,2050,8194,45,0.006026743
manual_kernel,16,16x1,32770,8194,2050,8194,46,0.006046197
manual_kernel,16,16x1,32770,8194,2050,8194,47,0.006033143
manual_kernel,16,16x1,32770,8194,2050,8194,48,0.006059415
manual_kernel,16,16x1,32770,8194,2050,8194,49,0.006091445
manual_kernel,16,16x1,32770,8194,2050,8194,50,0.006493863
manual_kernel,16,16x1,32770,8194,2050,8194,51,0.006079061
manual_kernel,16,16x1,32770,8194,2050,8194,52,0.006048469
manual_kernel,16,16x1,32770,8194,2050,8194,53,0.006028121
manual_kernel,16,16x1,32770,8194,2050,8194,54,0.006035511
manual_kernel,16,16x1,32770,8194,2050,8194,55,0.006047607
manual_kernel,16,16x1,32770,8194,2050,8194,56,0.006023863
manual_kernel,16,16x1,32770,8194,2050,8194,57,0.006029866
manual_kernel,16,16x1,32770,8194,2050,8194,58,0.006054203
manual_kernel,16,16x1,32770,8194,2050,8194,59,0.006060827
manual_kernel,16,16x1,32770,8194,2050,8194,60,0.006475821
manual_kernel,16,16x1,32770,8194,2050,8194,61,0.006018698
manual_kernel,16,16x1,32770,8194,2050,8194,62,0.006036630
manual_kernel,16,16x1,32770,8194,2050,8194,63,0.006031222
manual_kernel,16,16x1,32770,8194,2050,8194,64,0.006170038
manual_kernel,16,16x1,32770,8194,2050,8194,65,0.006225845
manual_kernel,16,16x1,32770,8194,2050,8194,66,0.006204790
manual_kernel,16,16x1,32770,8194,2050,8194,67,0.006212309
manual_kernel,16,16x1,32770,8194,2050,8194,68,0.006210358
manual_kernel,16,16x1,32770,8194,2050,8194,69,0.006213972
manual_kernel,16,16x1,32770,8194,2050,8194,70,0.006587434
manual_kernel,16,16x1,32770,8194,2050,8194,71,0.006174327
manual_kernel,16,16x1,32770,8194,2050,8194,72,0.006153976
manual_kernel,16,16x1,32770,8194,2050,8194,73,0.006154104
manual_kernel,16,16x1,32770,8194,2050,8194,74,0.006171127
manual_kernel,16,16x1,32770,8194,2050,8194,75,0.006157143
manual_kernel,16,16x1,32770,8194,2050,8194,76,0.006130392
manual_kernel,16,16x1,32770,8194,2050,8194,77,0.006104313
manual_kernel,16,16x1,32770,8194,2050,8194,78,0.006111417
manual_kernel,16,16x1,32770,8194,2050,8194,79,0.006073913
manual_kernel,16,16x1,32770,8194,2050,8194,80,0.006485037
manual_kernel,16,16x1,32770,8194,2050,8194,81,0.006075449
manual_kernel,16,16x1,32770,8194,2050,8194,82,0.006061755
manual_kernel,16,16x1,32770,8194,2050,8194,83,0.006062458
manual_kernel,16,16x1,32770,8194,2050,8194,84,0.006061146
manual_kernel,16,16x1,32770,8194,2050,8194,85,0.006058935
manual_kernel,16,16x1,32770,8194,2050,8194,86,0.006084181
manual_kernel,16,16x1,32770,8194,2050,8194,87,0.006085396
manual_kernel,16,16x1,32770,8194,2050,8194,88,0.006057691
manual_kernel,16,16x1,32770,8194,2050,8194,89,0.006075639
manual_kernel,16,16x1,32770,8194,2050,8194,90,0.006499531
manual_kernel,16,16x1,32770,8194,2050,8194,91,0.006059227
manual_kernel,16,16x1,32770,8194,2050,8194,92,0.006069850
manual_kernel,16,16x1,32770,8194,2050,8194,93,0.006075098
manual_kernel,16,16x1,32770,8194,2050,8194,94,0.006099380
manual_kernel,16,16x1,32770,8194,2050,8194,95,0.006092404
manual_kernel,16,16x1,32770,8194,2050,8194,96,0.006057174
manual_kernel,16,16x1,32770,8194,2050,8194,97,0.006028795
manual_kernel,16,16x1,32770,8194,2050,8194,98,0.006027382
manual_kernel,16,16x1,32770,8194,2050,8194,99,0.006067158
manual_kernel,16,16x1,32770,8194,2050,8194,100,0.006467591
manual_kernel,16,16x1,32770,8194,2050,8194,101,0.006055734
manual_kernel,16,16x1,32770,8194,2050,8194,102,0.006030775
manual_kernel,16,16x1,32770,8194,2050,8194,103,0.006079322
manual_kernel,16,16x1,32770,8194,2050,8194,104,0.006092536
manual_kernel,16,16x1,32770,8194,2050,8194,105,0.006093209
manual_kernel,16,16x1,32770,8194,2050,8194,106,0.006184567
manual_kernel,16,16x1,32770,8194,2050,8194,107,0.006180214
manual_kernel,16,16x1,32770,8194,2050,8194,108,0.006181079
manual_kernel,16,16x1,32770,8194,2050,8194,109,0.006112950
manual_kernel,16,16x1,32770,8194,2050,8194,110,0.006477133
manual_kernel,16,16x1,32770,8194,2050,8194,111,0.006118072
manual_kernel,16,16x1,32770,8194,2050,8194,112,0.006088985
manual_kernel,16,16x1,32770,8194,2050,8194,113,0.006095224
manual_kernel,16,16x1,32770,8194,2050,8194,114,0.006067098
manual_kernel,16,16x1,32770,8194,2050,8194,115,0.006048635
manual_kernel,16,16x1,32770,8194,2050,8194,116,0.006070938
manual_kernel,16,16x1,32770,8194,2050,8194,117,0.006061817
manual_kernel,16,16x1,32770,8194,2050,8194,118,0.006084858
manual_kernel,16,16x1,32770,8194,2050,8194,119,0.006075001
manual_kernel,16,16x1,32770,8194,2050,8194,120,0.006485644
manual_kernel,16,16x1,32770,8194,2050,8194,121,0.006084122
manual_kernel,16,16x1,32770,8194,2050,8194,122,0.006076856
manual_kernel,16,16x1,32770,8194,2050,8194,123,0.006060155
manual_kernel,16,16x1,32770,8194,2050,8194,124,0.006063291
manual_kernel,16,16x1,32770,8194,2050,8194,125,0.006030011
manual_kernel,16,16x1,32770,8194,2050,8194,126,0.006057622
manual_kernel,16,16x1,32770,8194,2050,8194,127,0.006093685
manual_kernel,16,16x1,32770,8194,2050,8194,128,0.006096917
manual_kernel,16,16x1,32770,8194,2050,8194,129,0.006034583
manual_kernel,16,16x1,32770,8194,2050,8194,130,0.006456297
manual_kernel,16,16x1,32770,8194,2050,8194,131,0.006074009
manual_kernel,16,16x1,32770,8194,2050,8194,132,0.006054043
manual_kernel,16,16x1,32770,8194,2050,8194,133,0.006061819
manual_kernel,16,16x1,32770,8194,2050,8194,134,0.006050362
manual_kernel,16,16x1,32770,8194,2050,8194,135,0.006065467
manual_kernel,16,16x1,32770,8194,2050,8194,136,0.006135923
manual_kernel,16,16x1,32770,8194,2050,8194,137,0.006143572
manual_kernel,16,16x1,32770,8194,2050,8194,138,0.006085864
manual_kernel,16,16x1,32770,8194,2050,8194,139,0.006055962
manual_kernel,16,16x1,32770,8194,2050,8194,140,0.006457486
manual_kernel,16,16x1,32770,8194,2050,8194,141,0.006097333
manual_kernel,16,16x1,32770,8194,2050,8194,142,0.006150292
manual_kernel,16,16x1,32770,8194,2050,8194,143,0.006167603
manual_kernel,16,16x1,32770,8194,2050,8194,144,0.006151124
manual_kernel,16,16x1,32770,8194,2050,8194,145,0.006149523
manual_kernel,16,16x1,32770,8194,2050,8194,146,0.006121748
manual_kernel,16,16x1,32770,8194,2050,8194,147,0.006102420
manual_kernel,16,16x1,32770,8194,2050,8194,148,0.006075605
manual_kernel,16,16x1,32770,8194,2050,8194,149,0.006093844
manual_kernel,16,16x1,32770,8194,2050,8194,150,0.006515821
manual_kernel,16,16x1,32770,8194,2050,8194,151,0.006171830
manual_kernel,16,16x1,32770,8194,2050,8194,152,0.006172662
manual_kernel,16,16x1,32770,8194,2050,8194,153,0.006152664
manual_kernel,16,16x1,32770,8194,2050,8194,154,0.006143352
manual_kernel,16,16x1,32770,8194,2050,8194,155,0.006141718
manual_kernel,16,16x1,32770,8194,2050,8194,156,0.006144087
manual_kernel,16,16x1,32770,8194,2050,8194,157,0.006161047
manual_kernel,16,16x1,32770,8194,2050,8194,158,0.006158231
manual_kernel,16,16x1,32770,8194,2050,8194,159,0.006116121
manual_kernel,16,16x1,32770,8194,2050,8194,160,0.006489772
manual_kernel,16,16x1,32770,8194,2050,8194,161,0.006103287
manual_kernel,16,16x1,32770,8194,2050,8194,162,0.006084953
manual_kernel,16,16x1,32770,8194,2050,8194,163,0.006063642
manual_kernel,16,16x1,32770,8194,2050,8194,164,0.006084826
manual_kernel,16,16x1,32770,8194,2050,8194,165,0.006070873
manual_kernel,16,16x1,32770,8194,2050,8194,166,0.006066234
manual_kernel,16,16x1,32770,8194,2050,8194,167,0.006060987
manual_kernel,16,16x1,32770,8194,2050,8194,168,0.006048890
manual_kernel,16,16x1,32770,8194,2050,8194,169,0.006050843
manual_kernel,16,16x1,32770,8194,2050,8194,170,0.006445034
manual_kernel,16,16x1,32770,8194,2050,8194,171,0.006094312
manual_kernel,16,16x1,32770,8194,2050,8194,172,0.006103911
manual_kernel,16,16x1,32770,8194,2050,8194,173,0.006100007
manual_kernel,16,16x1,32770,8194,2050,8194,174,0.006064347
manual_kernel,16,16x1,32770,8194,2050,8194,175,0.006097242
manual_kernel,16,16x1,32770,8194,2050,8194,176,0.006100985
manual_kernel,16,16x1,32770,8194,2050,8194,177,0.006076602
manual_kernel,16,16x1,32770,8194,2050,8194,178,0.006083989
manual_kernel,16,16x1,32770,8194,2050,8194,179,0.006097973
manual_kernel,16,16x1,32770,8194,2050,8194,180,0.006501114
manual_kernel,16,16x1,32770,8194,2050,8194,181,0.006118406
manual_kernel,16,16x1,32770,8194,2050,8194,182,0.006101064
manual_kernel,16,16x1,32770,8194,2050,8194,183,0.006088648
manual_kernel,16,16x1,32770,8194,2050,8194,184,0.006078184
manual_kernel,16,16x1,32770,8194,2050,8194,185,0.006086696
manual_kernel,16,16x1,32770,8194,2050,8194,186,0.006066440
manual_kernel,16,16x1,32770,8194,2050,8194,187,0.006104648
manual_kernel,16,16x1,32770,8194,2050,8194,188,0.006101319
manual_kernel,16,16x1,32770,8194,2050,8194,189,0.006091433
manual_kernel,16,16x1,32770,8194,2050,8194,190,0.006471324
manual_kernel,16,16x1,32770,8194,2050,8194,191,0.006052939
manual_kernel,16,16x1,32770,8194,2050,8194,192,0.006027338
manual_kernel,16,16x1,32770,8194,2050,8194,193,0.006005132
manual_kernel,16,16x1,32770,8194,2050,8194,194,0.006025099
manual_kernel,16,16x1,32770,8194,2050,8194,195,0.006059401
manual_kernel,16,16x1,32770,8194,2050,8194,196,0.006078585
manual_kernel,16,16x1,32770,8194,2050,8194,197,0.006090905
manual_kernel,16,16x1,32770,8194,2050,8194,198,0.006124632
manual_kernel,16,16x1,32770,8194,2050,8194,199,0.006133497
manual_kernel,16,16x1,32770,8194,2050,8194,200,0.006535531
manual_kernel,16,8x2,32770,8194,4098,4098,1,0.007068981
manual_kernel,16,8x2,32770,8194,4098,4098,2,0.005953784
manual_kernel,16,8x2,32770,8194,4098,4098,3,0.005934329
manual_kernel,16,8x2,32770,8194,4098,4098,4,0.005936292
manual_kernel,16,8x2,32770,8194,4098,4098,5,0.005923257
manual_kernel,16,8x2,32770,8194,4098,4098,6,0.005926330
manual_kernel,16,8x2,32770,8194,4098,4098,7,0.005908699
manual_kernel,16,8x2,32770,8194,4098,4098,8,0.005915644
manual_kernel,16,8x2,32770,8194,4098,4098,9,0.005909499
manual_kernel,16,8x2,32770,8194,4098,4098,10,0.006370096
manual_kernel,16,8x2,32770,8194,4098,4098,11,0.005972094
manual_kernel,16,8x2,32770,8194,4098,4098,12,0.005985182
manual_kernel,16,8x2,32770,8194,4098,4098,13,0.005984701
manual_kernel,16,8x2,32770,8194,4098,4098,14,0.005944707
manual_kernel,16,8x2,32770,8194,4098,4098,15,0.005912026
manual_kernel,16,8x2,32770,8194,4098,4098,16,0.005906533
manual_kernel,16,8x2,32770,8194,4098,4098,17,0.005904122
manual_kernel,16,8x2,32770,8194,4098,4098,18,0.005920443
manual_kernel,16,8x2,32770,8194,4098,4098,19,0.005910331
manual_kernel,16,8x2,32770,8194,4098,4098,20,0.006327022
manual_kernel,16,8x2,32770,8194,4098,4098,21,0.005924986
manual_kernel,16,8x2,32770,8194,4098,4098,22,0.005972221
manual_kernel,16,8x2,32770,8194,4098,4098,23,0.005960189
manual_kernel,16,8x2,32770,8194,4098,4098,24,0.005982300
manual_kernel,16,8x2,32770,8194,4098,4098,25,0.005974013
manual_kernel,16,8x2,32770,8194,4098,4098,26,0.005959773
manual_kernel,16,8x2,32770,8194,4098,4098,27,0.005963678
manual_kernel,16,8x2,32770,8194,4098,4098,28,0.005969789
manual_kernel,16,8x2,32770,8194,4098,4098,29,0.005980861
manual_kernel,16,8x2,32770,8194,4098,4098,30,0.006365488
manual_kernel,16,8x2,32770,8194,4098,4098,31,0.005982140
manual_kernel,16,8x2,32770,8194,4098,4098,32,0.005966493
manual_kernel,16,8x2,32770,8194,4098,4098,33,0.005978974
manual_kernel,16,8x2,32770,8194,4098,4098,34,0.005967198
manual_kernel,16,8x2,32770,8194,4098,4098,35,0.005945918
manual_kernel,16,8x2,32770,8194,4098,4098,36,0.005940031
manual_kernel,16,8x2,32770,8194,4098,4098,37,0.006024668
manual_kernel,16,8x2,32770,8194,4098,4098,38,0.005938011
manual_kernel,16,8x2,32770,8194,4098,4098,39,0.005919749
manual_kernel,16,8x2,32770,8194,4098,4098,40,0.006339808
manual_kernel,16,8x2,32770,8194,4098,4098,41,0.005900315
manual_kernel,16,8x2,32770,8194,4098,4098,42,0.005910085
manual_kernel,16,8x2,32770,8194,4098,4098,43,0.005896575
manual_kernel,16,8x2,32770,8194,4098,4098,44,0.005911781
manual_kernel,16,8x2,32770,8194,4098,4098,45,0.005898278
manual_kernel,16,8x2,32770,8194,4098,4098,46,0.005895776
manual_kernel,16,8x2,32770,8194,4098,4098,47,0.005991964
manual_kernel,16,8x2,32770,8194,4098,4098,48,0.005994108
manual_kernel,16,8x2,32770,8194,4098,4098,49,0.005981788
manual_kernel,16,8x2,32770,8194,4098,4098,50,0.006294675
manual_kernel,16,8x2,32770,8194,4098,4098,51,0.005917183
manual_kernel,16,8x2,32770,8194,4098,4098,52,0.005908542
manual_kernel,16,8x2,32770,8194,4098,4098,53,0.005943007
manual_kernel,16,8x2,32770,8194,4098,4098,54,0.005951166
manual_kernel,16,8x2,32770,8194,4098,4098,55,0.005935903
manual_kernel,16,8x2,32770,8194,4098,4098,56,0.005923679
manual_kernel,16,8x2,32770,8194,4098,4098,57,0.005942621
manual_kernel,16,8x2,32770,8194,4098,4098,58,0.005948062
manual_kernel,16,8x2,32770,8194,4098,4098,59,0.005959357
manual_kernel,16,8x2,32770,8194,4098,4098,60,0.006349136
manual_kernel,16,8x2,32770,8194,4098,4098,61,0.005997213
manual_kernel,16,8x2,32770,8194,4098,4098,62,0.005958813
manual_kernel,16,8x2,32770,8194,4098,4098,63,0.005954461
manual_kernel,16,8x2,32770,8194,4098,4098,64,0.005962718
manual_kernel,16,8x2,32770,8194,4098,4098,65,0.005973117
manual_kernel,16,8x2,32770,8194,4098,4098,66,0.005947358
manual_kernel,16,8x2,32770,8194,4098,4098,67,0.005960062
manual_kernel,16,8x2,32770,8194,4098,4098,68,0.005972125
manual_kernel,16,8x2,32770,8194,4098,4098,69,0.005967805
manual_kernel,16,8x2,32770,8194,4098,4098,70,0.006358124
manual_kernel,16,8x2,32770,8194,4098,4098,71,0.005988471
manual_kernel,16,8x2,32770,8194,4098,4098,72,0.005985274
manual_kernel,16,8x2,32770,8194,4098,4098,73,0.006005591
manual_kernel,16,8x2,32770,8194,4098,4098,74,0.006010808
manual_kernel,16,8x2,32770,8194,4098,4098,75,0.006012247
manual_kernel,16,8x2,32770,8194,4098,4098,76,0.006013368
manual_kernel,16,8x2,32770,8194,4098,4098,77,0.006014712
manual_kernel,16,8x2,32770,8194,4098,4098,78,0.006010584
manual_kernel,16,8x2,32770,8194,4098,4098,79,0.005996728
manual_kernel,16,8x2,32770,8194,4098,4098,80,0.006433294
manual_kernel,16,8x2,32770,8194,4098,4098,81,0.006018326
manual_kernel,16,8x2,32770,8194,4098,4098,82,0.005996509
manual_kernel,16,8x2,32770,8194,4098,4098,83,0.005993881
manual_kernel,16,8x2,32770,8194,4098,4098,84,0.005987737
manual_kernel,16,8x2,32770,8194,4098,4098,85,0.005986908
manual_kernel,16,8x2,32770,8194,4098,4098,86,0.006076473
manual_kernel,16,8x2,32770,8194,4098,4098,87,0.006077914
manual_kernel,16,8x2,32770,8194,4098,4098,88,0.006043483
manual_kernel,16,8x2,32770,8194,4098,4098,89,0.006039195
manual_kernel,16,8x2,32770,8194,4098,4098,90,0.006411307
manual_kernel,16,8x2,32770,8194,4098,4098,91,0.006018171
manual_kernel,16,8x2,32770,8194,4098,4098,92,0.006014268
manual_kernel,16,8x2,32770,8194,4098,4098,93,0.006015003
manual_kernel,16,8x2,32770,8194,4098,4098,94,0.006020828
manual_kernel,16,8x2,32770,8194,4098,4098,95,0.006021339
manual_kernel,16,8x2,32770,8194,4098,4098,96,0.006027418
manual_kernel,16,8x2,32770,8194,4098,4098,97,0.005990077
manual_kernel,16,8x2,32770,8194,4098,4098,98,0.005979164
manual_kernel,16,8x2,32770,8194,4098,4098,99,0.005973277
manual_kernel,16,8x2,32770,8194,4098,4098,100,0.006406415
manual_kernel,16,8x2,32770,8194,4098,4098,101,0.006115288
manual_kernel,16,8x2,32770,8194,4098,4098,102,0.006118200
manual_kernel,16,8x2,32770,8194,4098,4098,103,0.006055834
manual_kernel,16,8x2,32770,8194,4098,4098,104,0.006034652
manual_kernel,16,8x2,32770,8194,4098,4098,105,0.006029787
manual_kernel,16,8x2,32770,8194,4098,4098,106,0.006051451
manual_kernel,16,8x2,32770,8194,4098,4098,107,0.006046683
manual_kernel,16,8x2,32770,8194,4098,4098,108,0.006043610
manual_kernel,16,8x2,32770,8194,4098,4098,109,0.006040315
manual_kernel,16,8x2,32770,8194,4098,4098,110,0.006403759
manual_kernel,16,8x2,32770,8194,4098,4098,111,0.005968637
manual_kernel,16,8x2,32770,8194,4098,4098,112,0.005983293
manual_kernel,16,8x2,32770,8194,4098,4098,113,0.005991036
manual_kernel,16,8x2,32770,8194,4098,4098,114,0.005993917
manual_kernel,16,8x2,32770,8194,4098,4098,115,0.006000476
manual_kernel,16,8x2,32770,8194,4098,4098,116,0.005992157
manual_kernel,16,8x2,32770,8194,4098,4098,117,0.005997596
manual_kernel,16,8x2,32770,8194,4098,4098,118,0.006045658
manual_kernel,16,8x2,32770,8194,4098,4098,119,0.006049723
manual_kernel,16,8x2,32770,8194,4098,4098,120,0.006415214
manual_kernel,16,8x2,32770,8194,4098,4098,121,0.006018555
manual_kernel,16,8x2,32770,8194,4098,4098,122,0.006008220
manual_kernel,16,8x2,32770,8194,4098,4098,123,0.005990621
manual_kernel,16,8x2,32770,8194,4098,4098,124,0.005986520
manual_kernel,16,8x2,32770,8194,4098,4098,125,0.006000701
manual_kernel,16,8x2,32770,8194,4098,4098,126,0.006004310
manual_kernel,16,8x2,32770,8194,4098,4098,127,0.006027899
manual_kernel,16,8x2,32770,8194,4098,4098,128,0.006032123
manual_kernel,16,8x2,32770,8194,4098,4098,129,0.006050458
manual_kernel,16,8x2,32770,8194,4098,4098,130,0.006465928
manual_kernel,16,8x2,32770,8194,4098,4098,131,0.006055287
manual_kernel,16,8x2,32770,8194,4098,4098,132,0.006029207
manual_kernel,16,8x2,32770,8194,4098,4098,133,0.006036630
manual_kernel,16,8x2,32770,8194,4098,4098,134,0.006029335
manual_kernel,16,8x2,32770,8194,4098,4098,135,0.006012118
manual_kernel,16,8x2,32770,8194,4098,4098,136,0.005997436
manual_kernel,16,8x2,32770,8194,4098,4098,137,0.006005015
manual_kernel,16,8x2,32770,8194,4098,4098,138,0.006006711
manual_kernel,16,8x2,32770,8194,4098,4098,139,0.006008955
manual_kernel,16,8x2,32770,8194,4098,4098,140,0.006436373
manual_kernel,16,8x2,32770,8194,4098,4098,141,0.006033794
manual_kernel,16,8x2,32770,8194,4098,4098,142,0.006044737
manual_kernel,16,8x2,32770,8194,4098,4098,143,0.006022491
manual_kernel,16,8x2,32770,8194,4098,4098,144,0.006031867
manual_kernel,16,8x2,32770,8194,4098,4098,145,0.006016220
manual_kernel,16,8x2,32770,8194,4098,4098,146,0.006021595
manual_kernel,16,8x2,32770,8194,4098,4098,147,0.005991644
manual_kernel,16,8x2,32770,8194,4098,4098,148,0.006006684
manual_kernel,16,8x2,32770,8194,4098,4098,149,0.006009627
manual_kernel,16,8x2,32770,8194,4098,4098,150,0.006415566
manual_kernel,16,8x2,32770,8194,4098,4098,151,0.006013468
manual_kernel,16,8x2,32770,8194,4098,4098,152,0.006027228
manual_kernel,16,8x2,32770,8194,4098,4098,153,0.006015676
manual_kernel,16,8x2,32770,8194,4098,4098,154,0.006024603
manual_kernel,16,8x2,32770,8194,4098,4098,155,0.006013596
manual_kernel,16,8x2,32770,8194,4098,4098,156,0.005983868
manual_kernel,16,8x2,32770,8194,4098,4098,157,0.006004988
manual_kernel,16,8x2,32770,8194,4098,4098,158,0.006007099
manual_kernel,16,8x2,32770,8194,4098,4098,159,0.006048186
manual_kernel,16,8x2,32770,8194,4098,4098,160,0.006467277
manual_kernel,16,8x2,32770,8194,4098,4098,161,0.006070330
manual_kernel,16,8x2,32770,8194,4098,4098,162,0.006046651
manual_kernel,16,8x2,32770,8194,4098,4098,163,0.006044474
manual_kernel,16,8x2,32770,8194,4098,4098,164,0.006032540
manual_kernel,16,8x2,32770,8194,4098,4098,165,0.006012315
manual_kernel,16,8x2,32770,8194,4098,4098,166,0.006019964
manual_kernel,16,8x2,32770,8194,4098,4098,167,0.006013083
manual_kernel,16,8x2,32770,8194,4098,4098,168,0.006044923
manual_kernel,16,8x2,32770,8194,4098,4098,169,0.006041275
manual_kernel,16,8x2,32770,8194,4098,4098,170,0.006423374
manual_kernel,16,8x2,32770,8194,4098,4098,171,0.006011836
manual_kernel,16,8x2,32770,8194,4098,4098,172,0.006025915
manual_kernel,16,8x2,32770,8194,4098,4098,173,0.006026363
manual_kernel,16,8x2,32770,8194,4098,4098,174,0.006125015
manual_kernel,16,8x2,32770,8194,4098,4098,175,0.006127608
manual_kernel,16,8x2,32770,8194,4098,4098,176,0.006078266
manual_kernel,16,8x2,32770,8194,4098,4098,177,0.006035899
manual_kernel,16,8x2,32770,8194,4098,4098,178,0.006030651
manual_kernel,16,8x2,32770,8194,4098,4098,179,0.006011900
manual_kernel,16,8x2,32770,8194,4098,4098,180,0.006399023
manual_kernel,16,8x2,32770,8194,4098,4098,181,0.006011387
manual_kernel,16,8x2,32770,8194,4098,4098,182,0.005973405
manual_kernel,16,8x2,32770,8194,4098,4098,183,0.005980348
manual_kernel,16,8x2,32770,8194,4098,4098,184,0.005955806
manual_kernel,16,8x2,32770,8194,4098,4098,185,0.005943773
manual_kernel,16,8x2,32770,8194,4098,4098,186,0.005933723
manual_kernel,16,8x2,32770,8194,4098,4098,187,0.005930084
manual_kernel,16,8x2,32770,8194,4098,4098,188,0.005947101
manual_kernel,16,8x2,32770,8194,4098,4098,189,0.006098969
manual_kernel,16,8x2,32770,8194,4098,4098,190,0.006404268
manual_kernel,16,8x2,32770,8194,4098,4098,191,0.005915103
manual_kernel,16,8x2,32770,8194,4098,4098,192,0.005907295
manual_kernel,16,8x2,32770,8194,4098,4098,193,0.005909125
manual_kernel,16,8x2,32770,8194,4098,4098,194,0.005906245
manual_kernel,16,8x2,32770,8194,4098,4098,195,0.005913180
manual_kernel,16,8x2,32770,8194,4098,4098,196,0.005901861
manual_kernel,16,8x2,32770,8194,4098,4098,197,0.005914047
manual_kernel,16,8x2,32770,8194,4098,4098,198,0.005910975
manual_kernel,16,8x2,32770,8194,4098,4098,199,0.006030363
manual_kernel,16,8x2,32770,8194,4098,4098,200,0.006426766
manual_kernel,16,4x4,32770,8194,8194,2050,1,0.007003030
manual_kernel,16,4x4,32770,8194,8194,2050,2,0.005954692
manual_kernel,16,4x4,32770,8194,8194,2050,3,0.005948292
manual_kernel,16,4x4,32770,8194,8194,2050,4,0.005935812
manual_kernel,16,4x4,32770,8194,8194,2050,5,0.005932325
manual_kernel,16,4x4,32770,8194,8194,2050,6,0.005923973
manual_kernel,16,4x4,32770,8194,8194,2050,7,0.005931589
manual_kernel,16,4x4,32770,8194,8194,2050,8,0.005942468
manual_kernel,16,4x4,32770,8194,8194,2050,9,0.005910469
manual_kernel,16,4x4,32770,8194,8194,2050,10,0.006344599
manual_kernel,16,4x4,32770,8194,8194,2050,11,0.005912805
manual_kernel,16,4x4,32770,8194,8194,2050,12,0.005928516
manual_kernel,16,4x4,32770,8194,8194,2050,13,0.005922277
manual_kernel,16,4x4,32770,8194,8194,2050,14,0.005937348
manual_kernel,16,4x4,32770,8194,8194,2050,15,0.005969244
manual_kernel,16,4x4,32770,8194,8194,2050,16,0.005972027
manual_kernel,16,4x4,32770,8194,8194,2050,17,0.005967068
manual_kernel,16,4x4,32770,8194,8194,2050,18,0.005959484
manual_kernel,16,4x4,32770,8194,8194,2050,19,0.005932703
manual_kernel,16,4x4,32770,8194,8194,2050,20,0.006323021
manual_kernel,16,4x4,32770,8194,8194,2050,21,0.005961372
manual_kernel,16,4x4,32770,8194,8194,2050,22,0.005972092
manual_kernel,16,4x4,32770,8194,8194,2050,23,0.005965820
manual_kernel,16,4x4,32770,8194,8194,2050,24,0.005975707
manual_kernel,16,4x4,32770,8194,8194,2050,25,0.005964125
manual_kernel,16,4x4,32770,8194,8194,2050,26,0.006010584
manual_kernel,16,4x4,32770,8194,8194,2050,27,0.006016921
manual_kernel,16,4x4,32770,8194,8194,2050,28,0.006004315
manual_kernel,16,4x4,32770,8194,8194,2050,29,0.005999131
manual_kernel,16,4x4,32770,8194,8194,2050,30,0.006406347
manual_kernel,16,4x4,32770,8194,8194,2050,31,0.006007995
manual_kernel,16,4x4,32770,8194,8194,2050,32,0.006004728
manual_kernel,16,4x4,32770,8194,8194,2050,33,0.005998745
manual_kernel,16,4x4,32770,8194,8194,2050,34,0.005988153
manual_kernel,16,4x4,32770,8194,8194,2050,35,0.005989498
manual_kernel,16,4x4,32770,8194,8194,2050,36,0.006000696
manual_kernel,16,4x4,32770,8194,8194,2050,37,0.005984346
manual_kernel,16,4x4,32770,8194,8194,2050,38,0.006019768
manual_kernel,16,4x4,32770,8194,8194,2050,39,0.005999929
manual_kernel,16,4x4,32770,8194,8194,2050,40,0.006388683
manual_kernel,16,4x4,32770,8194,8194,2050,41,0.005991160
manual_kernel,16,4x4,32770,8194,8194,2050,42,0.005998329
manual_kernel,16,4x4,32770,8194,8194,2050,43,0.006002747
manual_kernel,16,4x4,32770,8194,8194,2050,44,0.006089816
manual_kernel,16,4x4,32770,8194,8194,2050,45,0.006071577
manual_kernel,16,4x4,32770,8194,8194,2050,46,0.006083833
manual_kernel,16,4x4,32770,8194,8194,2050,47,0.006012763
manual_kernel,16,4x4,32770,8194,8194,2050,48,0.006007579
manual_kernel,16,4x4,32770,8194,8194,2050,49,0.006011770
manual_kernel,16,4x4,32770,8194,8194,2050,50,0.006403759
manual_kernel,16,4x4,32770,8194,8194,2050,51,0.005924997
manual_kernel,16,4x4,32770,8194,8194,2050,52,0.005912092
manual_kernel,16,4x4,32770,8194,8194,2050,53,0.005901215
manual_kernel,16,4x4,32770,8194,8194,2050,54,0.005901924
manual_kernel,16,4x4,32770,8194,8194,2050,55,0.005896837
manual_kernel,16,4x4,32770,8194,8194,2050,56,0.005903709
manual_kernel,16,4x4,32770,8194,8194,2050,57,0.005890719
manual_kernel,16,4x4,32770,8194,8194,2050,58,0.005888677
manual_kernel,16,4x4,32770,8194,8194,2050,59,0.005887324
manual_kernel,16,4x4,32770,8194,8194,2050,60,0.006350924
manual_kernel,16,4x4,32770,8194,8194,2050,61,0.005938394
manual_kernel,16,4x4,32770,8194,8194,2050,62,0.005948601
manual_kernel,16,4x4,32770,8194,8194,2050,63,0.005962235
manual_kernel,16,4x4,32770,8194,8194,2050,64,0.005939034
manual_kernel,16,4x4,32770,8194,8194,2050,65,0.005946778
manual_kernel,16,4x4,32770,8194,8194,2050,66,0.005962109
manual_kernel,16,4x4,32770,8194,8194,2050,67,0.005980156
manual_kernel,16,4x4,32770,8194,8194,2050,68,0.005984860
manual_kernel,16,4x4,32770,8194,8194,2050,69,0.005994491
manual_kernel,16,4x4,32770,8194,8194,2050,70,0.006406284
manual_kernel,16,4x4,32770,8194,8194,2050,71,0.005991225
manual_kernel,16,4x4,32770,8194,8194,2050,72,0.005993912
manual_kernel,16,4x4,32770,8194,8194,2050,73,0.005990775
manual_kernel,16,4x4,32770,8194,8194,2050,74,0.005973497
manual_kernel,16,4x4,32770,8194,8194,2050,75,0.005962010
manual_kernel,16,4x4,32770,8194,8194,2050,76,0.006065433
manual_kernel,16,4x4,32770,8194,8194,2050,77,0.006107065
manual_kernel,16,4x4,32770,8194,8194,2050,78,0.006016506
manual_kernel,16,4x4,32770,8194,8194,2050,79,0.006006875
manual_kernel,16,4x4,32770,8194,8194,2050,80,0.006406415
manual_kernel,16,4x4,32770,8194,8194,2050,81,0.005968761
manual_kernel,16,4x4,32770,8194,8194,2050,82,0.005967449
manual_kernel,16,4x4,32770,8194,8194,2050,83,0.005951096
manual_kernel,16,4x4,32770,8194,8194,2050,84,0.005926173
manual_kernel,16,4x4,32770,8194,8194,2050,85,0.005931644
manual_kernel,16,4x4,32770,8194,8194,2050,86,0.005939388
manual_kernel,16,4x4,32770,8194,8194,2050,87,0.005976891
manual_kernel,16,4x4,32770,8194,8194,2050,88,0.005946077
manual_kernel,16,4x4,32770,8194,8194,2050,89,0.005941156
manual_kernel,16,4x4,32770,8194,8194,2050,90,0.006400462
manual_kernel,16,4x4,32770,8194,8194,2050,91,0.006001852
manual_kernel,16,4x4,32770,8194,8194,2050,92,0.006003163
manual_kernel,16,4x4,32770,8194,8194,2050,93,0.006017627
manual_kernel,16,4x4,32770,8194,8194,2050,94,0.006030266
manual_kernel,16,4x4,32770,8194,8194,2050,95,0.005973660
manual_kernel,16,4x4,32770,8194,8194,2050,96,0.005945565
manual_kernel,16,4x4,32770,8194,8194,2050,97,0.005940861
manual_kernel,16,4x4,32770,8194,8194,2050,98,0.005950782
manual_kernel,16,4x4,32770,8194,8194,2050,99,0.005937117
manual_kernel,16,4x4,32770,8194,8194,2050,100,0.006341936
manual_kernel,16,4x4,32770,8194,8194,2050,101,0.005954076
manual_kernel,16,4x4,32770,8194,8194,2050,102,0.005929342
manual_kernel,16,4x4,32770,8194,8194,2050,103,0.005949869
manual_kernel,16,4x4,32770,8194,8194,2050,104,0.006015515
manual_kernel,16,4x4,32770,8194,8194,2050,105,0.006005402
manual_kernel,16,4x4,32770,8194,8194,2050,106,0.005998107
manual_kernel,16,4x4,32770,8194,8194,2050,107,0.005960093
manual_kernel,16,4x4,32770,8194,8194,2050,108,0.005996667
manual_kernel,16,4x4,32770,8194,8194,2050,109,0.006002107
manual_kernel,16,4x4,32770,8194,8194,2050,110,0.006404686
manual_kernel,16,4x4,32770,8194,8194,2050,111,0.005991420
manual_kernel,16,4x4,32770,8194,8194,2050,112,0.005997531
manual_kernel,16,4x4,32770,8194,8194,2050,113,0.005986940
manual_kernel,16,4x4,32770,8194,8194,2050,114,0.006009244
manual_kernel,16,4x4,32770,8194,8194,2050,115,0.006004410
manual_kernel,16,4x4,32770,8194,8194,2050,116,0.005943165
manual_kernel,16,4x4,32770,8194,8194,2050,117,0.005948125
manual_kernel,16,4x4,32770,8194,8194,2050,118,0.005949981
manual_kernel,16,4x4,32770,8194,8194,2050,119,0.005945021
manual_kernel,16,4x4,32770,8194,8194,2050,120,0.006337965
manual_kernel,16,4x4,32770,8194,8194,2050,121,0.005956701
manual_kernel,16,4x4,32770,8194,8194,2050,122,0.005967485
manual_kernel,16,4x4,32770,8194,8194,2050,123,0.005960093
manual_kernel,16,4x4,32770,8194,8194,2050,124,0.005973469
manual_kernel,16,4x4,32770,8194,8194,2050,125,0.005973180
manual_kernel,16,4x4,32770,8194,8194,2050,126,0.005982396
manual_kernel,16,4x4,32770,8194,8194,2050,127,0.005963740
manual_kernel,16,4x4,32770,8194,8194,2050,128,0.005954429
manual_kernel,16,4x4,32770,8194,8194,2050,129,0.005977307
manual_kernel,16,4x4,32770,8194,8194,2050,130,0.006360215
manual_kernel,16,4x4,32770,8194,8194,2050,131,0.005998363
manual_kernel,16,4x4,32770,8194,8194,2050,132,0.006012730
manual_kernel,16,4x4,32770,8194,8194,2050,133,0.006024219
manual_kernel,16,4x4,32770,8194,8194,2050,134,0.006031418
manual_kernel,16,4x4,32770,8194,8194,2050,135,0.006040090
manual_kernel,16,4x4,32770,8194,8194,2050,136,0.006040793
manual_kernel,16,4x4,32770,8194,8194,2050,137,0.006003355
manual_kernel,16,4x4,32770,8194,8194,2050,138,0.006031126
manual_kernel,16,4x4,32770,8194,8194,2050,139,0.006017881
manual_kernel,16,4x4,32770,8194,8194,2050,140,0.006415406
manual_kernel,16,4x4,32770,8194,8194,2050,141,0.006011352
manual_kernel,16,4x4,32770,8194,8194,2050,142,0.006020248
manual_kernel,16,4x4,32770,8194,8194,2050,143,0.006000313
manual_kernel,16,4x4,32770,8194,8194,2050,144,0.005978396
manual_kernel,16,4x4,32770,8194,8194,2050,145,0.005985341
manual_kernel,16,4x4,32770,8194,8194,2050,146,0.006015610
manual_kernel,16,4x4,32770,8194,8194,2050,147,0.006018139
manual_kernel,16,4x4,32770,8194,8194,2050,148,0.005990555
manual_kernel,16,4x4,32770,8194,8194,2050,149,0.006000667
manual_kernel,16,4x4,32770,8194,8194,2050,150,0.006410926
manual_kernel,16,4x4,32770,8194,8194,2050,151,0.006006715
manual_kernel,16,4x4,32770,8194,8194,2050,152,0.006009500
manual_kernel,16,4x4,32770,8194,8194,2050,153,0.006011642
manual_kernel,16,4x4,32770,8194,8194,2050,154,0.006055161
manual_kernel,16,4x4,32770,8194,8194,2050,155,0.006066233
manual_kernel,16,4x4,32770,8194,8194,2050,156,0.006060889
manual_kernel,16,4x4,32770,8194,8194,2050,157,0.006077337
manual_kernel,16,4x4,32770,8194,8194,2050,158,0.006039803
manual_kernel,16,4x4,32770,8194,8194,2050,159,0.006047866
manual_kernel,16,4x4,32770,8194,8194,2050,160,0.006443468
manual_kernel,16,4x4,32770,8194,8194,2050,161,0.006071609
manual_kernel,16,4x4,32770,8194,8194,2050,162,0.006083000
manual_kernel,16,4x4,32770,8194,8194,2050,163,0.006063897
manual_kernel,16,4x4,32770,8194,8194,2050,164,0.006071289
manual_kernel,16,4x4,32770,8194,8194,2050,165,0.006080760
manual_kernel,16,4x4,32770,8194,8194,2050,166,0.006074426
manual_kernel,16,4x4,32770,8194,8194,2050,167,0.006055385
manual_kernel,16,4x4,32770,8194,8194,2050,168,0.006054040
manual_kernel,16,4x4,32770,8194,8194,2050,169,0.006020763
manual_kernel,16,4x4,32770,8194,8194,2050,170,0.006422158
manual_kernel,16,4x4,32770,8194,8194,2050,171,0.006049786
manual_kernel,16,4x4,32770,8194,8194,2050,172,0.006034426
manual_kernel,16,4x4,32770,8194,8194,2050,173,0.006039738
manual_kernel,16,4x4,32770,8194,8194,2050,174,0.006011418
manual_kernel,16,4x4,32770,8194,8194,2050,175,0.006007995
manual_kernel,16,4x4,32770,8194,8194,2050,176,0.006000507
manual_kernel,16,4x4,32770,8194,8194,2050,177,0.005999290
manual_kernel,16,4x4,32770,8194,8194,2050,178,0.005996796
manual_kernel,16,4x4,32770,8194,8194,2050,179,0.005995387
manual_kernel,16,4x4,32770,8194,8194,2050,180,0.006337080
manual_kernel,16,4x4,32770,8194,8194,2050,181,0.005956164
manual_kernel,16,4x4,32770,8194,8194,2050,182,0.005974748
manual_kernel,16,4x4,32770,8194,8194,2050,183,0.006006620
manual_kernel,16,4x4,32770,8194,8194,2050,184,0.006017786
manual_kernel,16,4x4,32770,8194,8194,2050,185,0.006013147
manual_kernel,16,4x4,32770,8194,8194,2050,186,0.006020027
manual_kernel,16,4x4,32770,8194,8194,2050,187,0.006011323
manual_kernel,16,4x4,32770,8194,8194,2050,188,0.006016855
manual_kernel,16,4x4,32770,8194,8194,2050,189,0.006036282
manual_kernel,16,4x4,32770,8194,8194,2050,190,0.006416110
manual_kernel,16,4x4,32770,8194,8194,2050,191,0.006024440
manual_kernel,16,4x4,32770,8194,8194,2050,192,0.006042778
manual_kernel,16,4x4,32770,8194,8194,2050,193,0.006043066
manual_kernel,16,4x4,32770,8194,8194,2050,194,0.006037273
manual_kernel,16,4x4,32770,8194,8194,2050,195,0.006031994
manual_kernel,16,4x4,32770,8194,8194,2050,196,0.006046745
manual_kernel,16,4x4,32770,8194,8194,2050,197,0.006030202
manual_kernel,16,4x4,32770,8194,8194,2050,198,0.006038746
manual_kernel,16,4x4,32770,8194,8194,2050,199,0.006039867
manual_kernel,16,4x4,32770,8194,8194,2050,200,0.006425707
manual_kernel,16,2x8,32770,8194,16386,1026,1,0.007848925
manual_kernel,16,2x8,32770,8194,16386,1026,2,0.005939589
manual_kernel,16,2x8,32770,8194,16386,1026,3,0.005929869
manual_kernel,16,2x8,32770,8194,16386,1026,4,0.005921276
manual_kernel,16,2x8,32770,8194,16386,1026,5,0.005912126
manual_kernel,16,2x8,32770,8194,16386,1026,6,0.005890982
manual_kernel,16,2x8,32770,8194,16386,1026,7,0.005901854
manual_kernel,16,2x8,32770,8194,16386,1026,8,0.005899902
manual_kernel,16,2x8,32770,8194,16386,1026,9,0.005911230
manual_kernel,16,2x8,32770,8194,16386,1026,10,0.006374636
manual_kernel,16,2x8,32770,8194,16386,1026,11,0.005907134
manual_kernel,16,2x8,32770,8194,16386,1026,12,0.005923354
manual_kernel,16,2x8,32770,8194,16386,1026,13,0.005922041
manual_kernel,16,2x8,32770,8194,16386,1026,14,0.005908571
manual_kernel,16,2x8,32770,8194,16386,1026,15,0.005911419
manual_kernel,16,2x8,32770,8194,16386,1026,16,0.005894653
manual_kernel,16,2x8,32770,8194,16386,1026,17,0.005901039
manual_kernel,16,2x8,32770,8194,16386,1026,18,0.005884347
manual_kernel,16,2x8,32770,8194,16386,1026,19,0.005895516
manual_kernel,16,2x8,32770,8194,16386,1026,20,0.006292911
manual_kernel,16,2x8,32770,8194,16386,1026,21,0.005878012
manual_kernel,16,2x8,32770,8194,16386,1026,22,0.005894266
manual_kernel,16,2x8,32770,8194,16386,1026,23,0.005885949
manual_kernel,16,2x8,32770,8194,16386,1026,24,0.005924357
manual_kernel,16,2x8,32770,8194,16386,1026,25,0.005945593
manual_kernel,16,2x8,32770,8194,16386,1026,26,0.005979458
manual_kernel,16,2x8,32770,8194,16386,1026,27,0.005974947
manual_kernel,16,2x8,32770,8194,16386,1026,28,0.005937947
manual_kernel,16,2x8,32770,8194,16386,1026,29,0.005933275
manual_kernel,16,2x8,32770,8194,16386,1026,30,0.006354168
manual_kernel,16,2x8,32770,8194,16386,1026,31,0.005950234
manual_kernel,16,2x8,32770,8194,16386,1026,32,0.005946043
manual_kernel,16,2x8,32770,8194,16386,1026,33,0.005960827
manual_kernel,16,2x8,32770,8194,16386,1026,34,0.005950949
manual_kernel,16,2x8,32770,8194,16386,1026,35,0.005941028
manual_kernel,16,2x8,32770,8194,16386,1026,36,0.005936605
manual_kernel,16,2x8,32770,8194,16386,1026,37,0.006044599
manual_kernel,16,2x8,32770,8194,16386,1026,38,0.006039766
manual_kernel,16,2x8,32770,8194,16386,1026,39,0.006030808
manual_kernel,16,2x8,32770,8194,16386,1026,40,0.006399242
manual_kernel,16,2x8,32770,8194,16386,1026,41,0.006016473
manual_kernel,16,2x8,32770,8194,16386,1026,42,0.006018807
manual_kernel,16,2x8,32770,8194,16386,1026,43,0.006016088
manual_kernel,16,2x8,32770,8194,16386,1026,44,0.006016408
manual_kernel,16,2x8,32770,8194,16386,1026,45,0.006004089
manual_kernel,16,2x8,32770,8194,16386,1026,46,0.005943802
manual_kernel,16,2x8,32770,8194,16386,1026,47,0.005923132
manual_kernel,16,2x8,32770,8194,16386,1026,48,0.005910459
manual_kernel,16,2x8,32770,8194,16386,1026,49,0.005926845
manual_kernel,16,2x8,32770,8194,16386,1026,50,0.006342028
manual_kernel,16,2x8,32770,8194,16386,1026,51,0.005916796
manual_kernel,16,2x8,32770,8194,16386,1026,52,0.005917085
manual_kernel,16,2x8,32770,8194,16386,1026,53,0.005922653
manual_kernel,16,2x8,32770,8194,16386,1026,54,0.005925437
manual_kernel,16,2x8,32770,8194,16386,1026,55,0.005925117
manual_kernel,16,2x8,32770,8194,16386,1026,56,0.005905791
manual_kernel,16,2x8,32770,8194,16386,1026,57,0.005903198
manual_kernel,16,2x8,32770,8194,16386,1026,58,0.006031995
manual_kernel,16,2x8,32770,8194,16386,1026,59,0.006022041
manual_kernel,16,2x8,32770,8194,16386,1026,60,0.006428972
manual_kernel,16,2x8,32770,8194,16386,1026,61,0.006030907
manual_kernel,16,2x8,32770,8194,16386,1026,62,0.006028377
manual_kernel,16,2x8,32770,8194,16386,1026,63,0.006029945
manual_kernel,16,2x8,32770,8194,16386,1026,64,0.006040698
manual_kernel,16,2x8,32770,8194,16386,1026,65,0.006019995
manual_kernel,16,2x8,32770,8194,16386,1026,66,0.006029114
manual_kernel,16,2x8,32770,8194,16386,1026,67,0.006038518
manual_kernel,16,2x8,32770,8194,16386,1026,68,0.006063065
manual_kernel,16,2x8,32770,8194,16386,1026,69,0.006069081
manual_kernel,16,2x8,32770,8194,16386,1026,70,0.006473066
manual_kernel,16,2x8,32770,8194,16386,1026,71,0.006102711
manual_kernel,16,2x8,32770,8194,16386,1026,72,0.006069207
manual_kernel,16,2x8,32770,8194,16386,1026,73,0.006046137
manual_kernel,16,2x8,32770,8194,16386,1026,74,0.006035895
manual_kernel,16,2x8,32770,8194,16386,1026,75,0.006016858
manual_kernel,16,2x8,32770,8194,16386,1026,76,0.005971483
manual_kernel,16,2x8,32770,8194,16386,1026,77,0.005973467
manual_kernel,16,2x8,32770,8194,16386,1026,78,0.006000729
manual_kernel,16,2x8,32770,8194,16386,1026,79,0.006034680
manual_kernel,16,2x8,32770,8194,16386,1026,80,0.006432140
manual_kernel,16,2x8,32770,8194,16386,1026,81,0.006005464
manual_kernel,16,2x8,32770,8194,16386,1026,82,0.005979768
manual_kernel,16,2x8,32770,8194,16386,1026,83,0.006001112
manual_kernel,16,2x8,32770,8194,16386,1026,84,0.005975607
manual_kernel,16,2x8,32770,8194,16386,1026,85,0.005989721
manual_kernel,16,2x8,32770,8194,16386,1026,86,0.005988313
manual_kernel,16,2x8,32770,8194,16386,1026,87,0.005965113
manual_kernel,16,2x8,32770,8194,16386,1026,88,0.005963436
manual_kernel,16,2x8,32770,8194,16386,1026,89,0.005982041
manual_kernel,16,2x8,32770,8194,16386,1026,90,0.006477354
manual_kernel,16,2x8,32770,8194,16386,1026,91,0.006117047
manual_kernel,16,2x8,32770,8194,16386,1026,92,0.006121559
manual_kernel,16,2x8,32770,8194,16386,1026,93,0.006099863
manual_kernel,16,2x8,32770,8194,16386,1026,94,0.006086168
manual_kernel,16,2x8,32770,8194,16386,1026,95,0.006088888
manual_kernel,16,2x8,32770,8194,16386,1026,96,0.006022490
manual_kernel,16,2x8,32770,8194,16386,1026,97,0.006020601
manual_kernel,16,2x8,32770,8194,16386,1026,98,0.006147062
manual_kernel,16,2x8,32770,8194,16386,1026,99,0.005969500
manual_kernel,16,2x8,32770,8194,16386,1026,100,0.006335185
manual_kernel,16,2x8,32770,8194,16386,1026,101,0.005951004
manual_kernel,16,2x8,32770,8194,16386,1026,102,0.005944025
manual_kernel,16,2x8,32770,8194,16386,1026,103,0.005938683
manual_kernel,16,2x8,32770,8194,16386,1026,104,0.005944538
manual_kernel,16,2x8,32770,8194,16386,1026,105,0.005958009
manual_kernel,16,2x8,32770,8194,16386,1026,106,0.005944732
manual_kernel,16,2x8,32770,8194,16386,1026,107,0.005960740
manual_kernel,16,2x8,32770,8194,16386,1026,108,0.006002521
manual_kernel,16,2x8,32770,8194,16386,1026,109,0.006006010
manual_kernel,16,2x8,32770,8194,16386,1026,110,0.006407245
manual_kernel,16,2x8,32770,8194,16386,1026,111,0.006012283
manual_kernel,16,2x8,32770,8194,16386,1026,112,0.006013818
manual_kernel,16,2x8,32770,8194,16386,1026,113,0.005986428
manual_kernel,16,2x8,32770,8194,16386,1026,114,0.005962244
manual_kernel,16,2x8,32770,8194,16386,1026,115,0.005977315
manual_kernel,16,2x8,32770,8194,16386,1026,116,0.005963396
manual_kernel,16,2x8,32770,8194,16386,1026,117,0.005953859
manual_kernel,16,2x8,32770,8194,16386,1026,118,0.005957732
manual_kernel,16,2x8,32770,8194,16386,1026,119,0.005956092
manual_kernel,16,2x8,32770,8194,16386,1026,120,0.006382319
manual_kernel,16,2x8,32770,8194,16386,1026,121,0.006018009
manual_kernel,16,2x8,32770,8194,16386,1026,122,0.005994265
manual_kernel,16,2x8,32770,8194,16386,1026,123,0.005960259
manual_kernel,16,2x8,32770,8194,16386,1026,124,0.005960825
manual_kernel,16,2x8,32770,8194,16386,1026,125,0.005972250
manual_kernel,16,2x8,32770,8194,16386,1026,126,0.006002551
manual_kernel,16,2x8,32770,8194,16386,1026,127,0.006006296
manual_kernel,16,2x8,32770,8194,16386,1026,128,0.005999130
manual_kernel,16,2x8,32770,8194,16386,1026,129,0.005983449
manual_kernel,16,2x8,32770,8194,16386,1026,130,0.006368047
manual_kernel,16,2x8,32770,8194,16386,1026,131,0.005996284
manual_kernel,16,2x8,32770,8194,16386,1026,132,0.006092056
manual_kernel,16,2x8,32770,8194,16386,1026,133,0.006098040
manual_kernel,16,2x8,32770,8194,16386,1026,134,0.006105976
manual_kernel,16,2x8,32770,8194,16386,1026,135,0.006149430
manual_kernel,16,2x8,32770,8194,16386,1026,136,0.006154518
manual_kernel,16,2x8,32770,8194,16386,1026,137,0.006143350
manual_kernel,16,2x8,32770,8194,16386,1026,138,0.006089272
manual_kernel,16,2x8,32770,8194,16386,1026,139,0.006065528
manual_kernel,16,2x8,32770,8194,16386,1026,140,0.006438701
manual_kernel,16,2x8,32770,8194,16386,1026,141,0.006044377
manual_kernel,16,2x8,32770,8194,16386,1026,142,0.006011226
manual_kernel,16,2x8,32770,8194,16386,1026,143,0.005982840
manual_kernel,16,2x8,32770,8194,16386,1026,144,0.005996248
manual_kernel,16,2x8,32770,8194,16386,1026,145,0.006003960
manual_kernel,16,2x8,32770,8194,16386,1026,146,0.005980377
manual_kernel,16,2x8,32770,8194,16386,1026,147,0.005967043
manual_kernel,16,2x8,32770,8194,16386,1026,148,0.005992056
manual_kernel,16,2x8,32770,8194,16386,1026,149,0.005969053
manual_kernel,16,2x8,32770,8194,16386,1026,150,0.006382347
manual_kernel,16,2x8,32770,8194,16386,1026,151,0.005980507
manual_kernel,16,2x8,32770,8194,16386,1026,152,0.005993818
manual_kernel,16,2x8,32770,8194,16386,1026,153,0.006016763
manual_kernel,16,2x8,32770,8194,16386,1026,154,0.006011479
manual_kernel,16,2x8,32770,8194,16386,1026,155,0.005986587
manual_kernel,16,2x8,32770,8194,16386,1026,156,0.005989275
manual_kernel,16,2x8,32770,8194,16386,1026,157,0.006020155
manual_kernel,16,2x8,32770,8194,16386,1026,158,0.006002394
manual_kernel,16,2x8,32770,8194,16386,1026,159,0.006003415
manual_kernel,16,2x8,32770,8194,16386,1026,160,0.006420174
manual_kernel,16,2x8,32770,8194,16386,1026,161,0.006043513
manual_kernel,16,2x8,32770,8194,16386,1026,162,0.006044697
manual_kernel,16,2x8,32770,8194,16386,1026,163,0.006054841
manual_kernel,16,2x8,32770,8194,16386,1026,164,0.006045338
manual_kernel,16,2x8,32770,8194,16386,1026,165,0.006052089
manual_kernel,16,2x8,32770,8194,16386,1026,166,0.006044986
manual_kernel,16,2x8,32770,8194,16386,1026,167,0.006036314
manual_kernel,16,2x8,32770,8194,16386,1026,168,0.006026137
manual_kernel,16,2x8,32770,8194,16386,1026,169,0.006025081
manual_kernel,16,2x8,32770,8194,16386,1026,170,0.006545993
manual_kernel,16,2x8,32770,8194,16386,1026,171,0.006151541
manual_kernel,16,2x8,32770,8194,16386,1026,172,0.006131190
manual_kernel,16,2x8,32770,8194,16386,1026,173,0.006116726
manual_kernel,16,2x8,32770,8194,16386,1026,174,0.006118583
manual_kernel,16,2x8,32770,8194,16386,1026,175,0.006124885
manual_kernel,16,2x8,32770,8194,16386,1026,176,0.006070329
manual_kernel,16,2x8,32770,8194,16386,1026,177,0.006075352
manual_kernel,16,2x8,32770,8194,16386,1026,178,0.006060921
manual_kernel,16,2x8,32770,8194,16386,1026,179,0.006063129
manual_kernel,16,2x8,32770,8194,16386,1026,180,0.006446253
manual_kernel,16,2x8,32770,8194,16386,1026,181,0.006033337
manual_kernel,16,2x8,32770,8194,16386,1026,182,0.006021208
manual_kernel,16,2x8,32770,8194,16386,1026,183,0.006023160
manual_kernel,16,2x8,32770,8194,16386,1026,184,0.006042458
manual_kernel,16,2x8,32770,8194,16386,1026,185,0.006061528
manual_kernel,16,2x8,32770,8194,16386,1026,186,0.006089239
manual_kernel,16,2x8,32770,8194,16386,1026,187,0.006051737
manual_kernel,16,2x8,32770,8194,16386,1026,188,0.006024922
manual_kernel,16,2x8,32770,8194,16386,1026,189,0.006026521
manual_kernel,16,2x8,32770,8194,16386,1026,190,0.006434701
manual_kernel,16,2x8,32770,8194,16386,1026,191,0.006064407
manual_kernel,16,2x8,32770,8194,16386,1026,192,0.006086584
manual_kernel,16,2x8,32770,8194,16386,1026,193,0.006078999
manual_kernel,16,2x8,32770,8194,16386,1026,194,0.006072856
manual_kernel,16,2x8,32770,8194,16386,1026,195,0.006079416
manual_kernel,16,2x8,32770,8194,16386,1026,196,0.006050905
manual_kernel,16,2x8,32770,8194,16386,1026,197,0.006037657
manual_kernel,16,2x8,32770,8194,16386,1026,198,0.006059641
manual_kernel,16,2x8,32770,8194,16386,1026,199,0.006028153
manual_kernel,16,2x8,32770,8194,16386,1026,200,0.006417643
manual_kernel,16,1x16,32770,8194,32770,514,1,1.507012871
manual_kernel,16,1x16,32770,8194,32770,514,2,0.006038337
manual_kernel,16,1x16,32770,8194,32770,514,3,0.005989153
manual_kernel,16,1x16,32770,8194,32770,514,4,0.005996984
manual_kernel,16,1x16,32770,8194,32770,514,5,0.006021312
manual_kernel,16,1x16,32770,8194,32770,514,6,0.005973689
manual_kernel,16,1x16,32770,8194,32770,514,7,0.005986850
manual_kernel,16,1x16,32770,8194,32770,514,8,0.005967865
manual_kernel,16,1x16,32770,8194,32770,514,9,0.005966858
manual_kernel,16,1x16,32770,8194,32770,514,10,0.006384822
manual_kernel,16,1x16,32770,8194,32770,514,11,0.005953859
manual_kernel,16,1x16,32770,8194,32770,514,12,0.005968706
manual_kernel,16,1x16,32770,8194,32770,514,13,0.005961922
manual_kernel,16,1x16,32770,8194,32770,514,14,0.005967202
manual_kernel,16,1x16,32770,8194,32770,514,15,0.005953529
manual_kernel,16,1x16,32770,8194,32770,514,16,0.005987865
manual_kernel,16,1x16,32770,8194,32770,514,17,0.005997335
manual_kernel,16,1x16,32770,8194,32770,514,18,0.005967201
manual_kernel,16,1x16,32770,8194,32770,514,19,0.005961821
manual_kernel,16,1x16,32770,8194,32770,514,20,0.006373301
manual_kernel,16,1x16,32770,8194,32770,514,21,0.005995740
manual_kernel,16,1x16,32770,8194,32770,514,22,0.005956926
manual_kernel,16,1x16,32770,8194,32770,514,23,0.005956221
manual_kernel,16,1x16,32770,8194,32770,514,24,0.005947292
manual_kernel,16,1x16,32770,8194,32770,514,25,0.005943678
manual_kernel,16,1x16,32770,8194,32770,514,26,0.005940925
manual_kernel,16,1x16,32770,8194,32770,514,27,0.005950937
manual_kernel,16,1x16,32770,8194,32770,514,28,0.005947838
manual_kernel,16,1x16,32770,8194,32770,514,29,0.005936165
manual_kernel,16,1x16,32770,8194,32770,514,30,0.006394992
manual_kernel,16,1x16,32770,8194,32770,514,31,0.006026266
manual_kernel,16,1x16,32770,8194,32770,514,32,0.006034842
manual_kernel,16,1x16,32770,8194,32770,514,33,0.006028794
manual_kernel,16,1x16,32770,8194,32770,514,34,0.006020411
manual_kernel,16,1x16,32770,8194,32770,514,35,0.006039994
manual_kernel,16,1x16,32770,8194,32770,514,36,0.006038394
manual_kernel,16,1x16,32770,8194,32770,514,37,0.006023259
manual_kernel,16,1x16,32770,8194,32770,514,38,0.006042807
manual_kernel,16,1x16,32770,8194,32770,514,39,0.006063989
manual_kernel,16,1x16,32770,8194,32770,514,40,0.006473703
manual_kernel,16,1x16,32770,8194,32770,514,41,0.006067961
manual_kernel,16,1x16,32770,8194,32770,514,42,0.006050613
manual_kernel,16,1x16,32770,8194,32770,514,43,0.006062294
manual_kernel,16,1x16,32770,8194,32770,514,44,0.006108279
manual_kernel,16,1x16,32770,8194,32770,514,45,0.006459213
manual_kernel,16,1x16,32770,8194,32770,514,46,0.006107176
manual_kernel,16,1x16,32770,8194,32770,514,47,0.006073466
manual_kernel,16,1x16,32770,8194,32770,514,48,0.006024476
manual_kernel,16,1x16,32770,8194,32770,514,49,0.006022827
manual_kernel,16,1x16,32770,8194,32770,514,50,0.006399868
manual_kernel,16,1x16,32770,8194,32770,514,51,0.006004791
manual_kernel,16,1x16,32770,8194,32770,514,52,0.006000170
manual_kernel,16,1x16,32770,8194,32770,514,53,0.006012297
manual_kernel,16,1x16,32770,8194,32770,514,54,0.006056168
manual_kernel,16,1x16,32770,8194,32770,514,55,0.006157047
manual_kernel,16,1x16,32770,8194,32770,514,56,0.006168501
manual_kernel,16,1x16,32770,8194,32770,514,57,0.006155830
manual_kernel,16,1x16,32770,8194,32770,514,58,0.006156150
manual_kernel,16,1x16,32770,8194,32770,514,59,0.006147831
manual_kernel,16,1x16,32770,8194,32770,514,60,0.006451963
manual_kernel,16,1x16,32770,8194,32770,514,61,0.006054297
manual_kernel,16,1x16,32770,8194,32770,514,62,0.006052347
manual_kernel,16,1x16,32770,8194,32770,514,63,0.006036310
manual_kernel,16,1x16,32770,8194,32770,514,64,0.006035290
manual_kernel,16,1x16,32770,8194,32770,514,65,0.006045909
manual_kernel,16,1x16,32770,8194,32770,514,66,0.006089752
manual_kernel,16,1x16,32770,8194,32770,514,67,0.006055961
manual_kernel,16,1x16,32770,8194,32770,514,68,0.006061049
manual_kernel,16,1x16,32770,8194,32770,514,69,0.006059417
manual_kernel,16,1x16,32770,8194,32770,514,70,0.006458125
manual_kernel,16,1x16,32770,8194,32770,514,71,0.006064025
manual_kernel,16,1x16,32770,8194,32770,514,72,0.006015833
manual_kernel,16,1x16,32770,8194,32770,514,73,0.006009880
manual_kernel,16,1x16,32770,8194,32770,514,74,0.006020123
manual_kernel,16,1x16,32770,8194,32770,514,75,0.006015127
manual_kernel,16,1x16,32770,8194,32770,514,76,0.006014298
manual_kernel,16,1x16,32770,8194,32770,514,77,0.006012923
manual_kernel,16,1x16,32770,8194,32770,514,78,0.006034171
manual_kernel,16,1x16,32770,8194,32770,514,79,0.006030235
manual_kernel,16,1x16,32770,8194,32770,514,80,0.006493512
manual_kernel,16,1x16,32770,8194,32770,514,81,0.006099065
manual_kernel,16,1x16,32770,8194,32770,514,82,0.006098426
manual_kernel,16,1x16,32770,8194,32770,514,83,0.006116249
manual_kernel,16,1x16,32770,8194,32770,514,84,0.006102553
manual_kernel,16,1x16,32770,8194,32770,514,85,0.006095289
manual_kernel,16,1x16,32770,8194,32770,514,86,0.006125399
manual_kernel,16,1x16,32770,8194,32770,514,87,0.006147255
manual_kernel,16,1x16,32770,8194,32770,514,88,0.006141783
manual_kernel,16,1x16,32770,8194,32770,514,89,0.006166006
manual_kernel,16,1x16,32770,8194,32770,514,90,0.006491915
manual_kernel,16,1x16,32770,8194,32770,514,91,0.006066810
manual_kernel,16,1x16,32770,8194,32770,514,92,0.006088760
manual_kernel,16,1x16,32770,8194,32770,514,93,0.006078968
manual_kernel,16,1x16,32770,8194,32770,514,94,0.006079129
manual_kernel,16,1x16,32770,8194,32770,514,95,0.006086297
manual_kernel,16,1x16,32770,8194,32770,514,96,0.006072953
manual_kernel,16,1x16,32770,8194,32770,514,97,0.006071929
manual_kernel,16,1x16,32770,8194,32770,514,98,0.006074361
manual_kernel,16,1x16,32770,8194,32770,514,99,0.006056826
manual_kernel,16,1x16,32770,8194,32770,514,100,0.006460461
manual_kernel,16,1x16,32770,8194,32770,514,101,0.006056089
manual_kernel,16,1x16,32770,8194,32770,514,102,0.006064218
manual_kernel,16,1x16,32770,8194,32770,514,103,0.006076537
manual_kernel,16,1x16,32770,8194,32770,514,104,0.006075578
manual_kernel,16,1x16,32770,8194,32770,514,105,0.006109911
manual_kernel,16,1x16,32770,8194,32770,514,106,0.006115123
manual_kernel,16,1x16,32770,8194,32770,514,107,0.006119412
manual_kernel,16,1x16,32770,8194,32770,514,108,0.006111065
manual_kernel,16,1x16,32770,8194,32770,514,109,0.006124567
manual_kernel,16,1x16,32770,8194,32770,514,110,0.006482988
manual_kernel,16,1x16,32770,8194,32770,514,111,0.006061369
manual_kernel,16,1x16,32770,8194,32770,514,112,0.006065625
manual_kernel,16,1x16,32770,8194,32770,514,113,0.006073947
manual_kernel,16,1x16,32770,8194,32770,514,114,0.006064374
manual_kernel,16,1x16,32770,8194,32770,514,115,0.006065750
manual_kernel,16,1x16,32770,8194,32770,514,116,0.006058746
manual_kernel,16,1x16,32770,8194,32770,514,117,0.006061401
manual_kernel,16,1x16,32770,8194,32770,514,118,0.006048698
manual_kernel,16,1x16,32770,8194,32770,514,119,0.006115892
manual_kernel,16,1x16,32770,8194,32770,514,120,0.006490312
manual_kernel,16,1x16,32770,8194,32770,514,121,0.006079253
manual_kernel,16,1x16,32770,8194,32770,514,122,0.006092342
manual_kernel,16,1x16,32770,8194,32770,514,123,0.006097526
manual_kernel,16,1x16,32770,8194,32770,514,124,0.006090197
manual_kernel,16,1x16,32770,8194,32770,514,125,0.006080310
manual_kernel,16,1x16,32770,8194,32770,514,126,0.006108085
manual_kernel,16,1x16,32770,8194,32770,514,127,0.006102389
manual_kernel,16,1x16,32770,8194,32770,514,128,0.006088276
manual_kernel,16,1x16,32770,8194,32770,514,129,0.006051322
manual_kernel,16,1x16,32770,8194,32770,514,130,0.006433514
manual_kernel,16,1x16,32770,8194,32770,514,131,0.006099960
manual_kernel,16,1x16,32770,8194,32770,514,132,0.006197238
manual_kernel,16,1x16,32770,8194,32770,514,133,0.006220278
manual_kernel,16,1x16,32770,8194,32770,514,134,0.006213557
manual_kernel,16,1x16,32770,8194,32770,514,135,0.006180341
manual_kernel,16,1x16,32770,8194,32770,514,136,0.006197813
manual_kernel,16,1x16,32770,8194,32770,514,137,0.006157974
manual_kernel,16,1x16,32770,8194,32770,514,138,0.006134487
manual_kernel,16,1x16,32770,8194,32770,514,139,0.006140215
manual_kernel,16,1x16,32770,8194,32770,514,140,0.006525162
manual_kernel,16,1x16,32770,8194,32770,514,141,0.006152119
manual_kernel,16,1x16,32770,8194,32770,514,142,0.006141559
manual_kernel,16,1x16,32770,8194,32770,514,143,0.006139542
manual_kernel,16,1x16,32770,8194,32770,514,144,0.006116473
manual_kernel,16,1x16,32770,8194,32770,514,145,0.006092248
manual_kernel,16,1x16,32770,8194,32770,514,146,0.006196662
manual_kernel,16,1x16,32770,8194,32770,514,147,0.006213269
manual_kernel,16,1x16,32770,8194,32770,514,148,0.006216276
manual_kernel,16,1x16,32770,8194,32770,514,149,0.006163446
manual_kernel,16,1x16,32770,8194,32770,514,150,0.006530249
manual_kernel,16,1x16,32770,8194,32770,514,151,0.006151958
manual_kernel,16,1x16,32770,8194,32770,514,152,0.006140727
manual_kernel,16,1x16,32770,8194,32770,514,153,0.006119736
manual_kernel,16,1x16,32770,8194,32770,514,154,0.006112632
manual_kernel,16,1x16,32770,8194,32770,514,155,0.006095384
manual_kernel,16,1x16,32770,8194,32770,514,156,0.006080217
manual_kernel,16,1x16,32770,8194,32770,514,157,0.006065114
manual_kernel,16,1x16,32770,8194,32770,514,158,0.006122648
manual_kernel,16,1x16,32770,8194,32770,514,159,0.006271827
manual_kernel,16,1x16,32770,8194,32770,514,160,0.006665830
manual_kernel,16,1x16,32770,8194,32770,514,161,0.006253043
manual_kernel,16,1x16,32770,8194,32770,514,162,0.006260403
manual_kernel,16,1x16,32770,8194,32770,514,163,0.006245587
manual_kernel,16,1x16,32770,8194,32770,514,164,0.006152472
manual_kernel,16,1x16,32770,8194,32770,514,165,0.006135607
manual_kernel,16,1x16,32770,8194,32770,514,166,0.006115896
manual_kernel,16,1x16,32770,8194,32770,514,167,0.006112024
manual_kernel,16,1x16,32770,8194,32770,514,168,0.006112152
manual_kernel,16,1x16,32770,8194,32770,514,169,0.006117881
manual_kernel,16,1x16,32770,8194,32770,514,170,0.006432045
manual_kernel,16,1x16,32770,8194,32770,514,171,0.006058553
manual_kernel,16,1x16,32770,8194,32770,514,172,0.006098376
manual_kernel,16,1x16,32770,8194,32770,514,173,0.006109848
manual_kernel,16,1x16,32770,8194,32770,514,174,0.006123704
manual_kernel,16,1x16,32770,8194,32770,514,175,0.006148024
manual_kernel,16,1x16,32770,8194,32770,514,176,0.006143766
manual_kernel,16,1x16,32770,8194,32770,514,177,0.006132438
manual_kernel,16,1x16,32770,8194,32770,514,178,0.006103737
manual_kernel,16,1x16,32770,8194,32770,514,179,0.006098777
manual_kernel,16,1x16,32770,8194,32770,514,180,0.006487404
manual_kernel,16,1x16,32770,8194,32770,514,181,0.006106200
manual_kernel,16,1x16,32770,8194,32770,514,182,0.006111704
manual_kernel,16,1x16,32770,8194,32770,514,183,0.006118743
manual_kernel,16,1x16,32770,8194,32770,514,184,0.006100537
manual_kernel,16,1x16,32770,8194,32770,514,185,0.006074937
manual_kernel,16,1x16,32770,8194,32770,514,186,0.006071961
manual_kernel,16,1x16,32770,8194,32770,514,187,0.006070070
manual_kernel,16,1x16,32770,8194,32770,514,188,0.006137335
manual_kernel,16,1x16,32770,8194,32770,514,189,0.006172919
manual_kernel,16,1x16,32770,8194,32770,514,190,0.006552425
manual_kernel,16,1x16,32770,8194,32770,514,191,0.006215701
manual_kernel,16,1x16,32770,8194,32770,514,192,0.006219829
manual_kernel,16,1x16,32770,8194,32770,514,193,0.006218805
manual_kernel,16,1x16,32770,8194,32770,514,194,0.006218004
manual_kernel,16,1x16,32770,8194,32770,514,195,0.006207894
manual_kernel,16,1x16,32770,8194,32770,514,196,0.006187254
manual_kernel,16,1x16,32770,8194,32770,514,197,0.006155926
manual_kernel,16,1x16,32770,8194,32770,514,198,0.006161976
manual_kernel,16,1x16,32770,8194,32770,514,199,0.006178230
manual_kernel,16,1x16,32770,8194,32770,514,200,0.006547243
