rho,pres,w,tk,qv,ssat,qc,qnc,qr,qnr,qi,qni,qs,qns,qg,qng,qh,qnh,nccn,ninpot,ninagi,ninact,qrsflux
0.9233,71463.0,0.0,269.625,0.0015,0.0,0.0,0.0,0.0,0.0,0.0,0.0,0.0,0.0,0.0,0.0,0.0,0.0,1.5e9,1.0e3,0.0,0.0,0.0
0.9521,74221.0,0.0,271.575,0.0020,0.0,0.0,0.0,0.0,0.0,0.0,0.0,0.0,0.0,0.0,0.0,0.0,0.0,1.5e9,1.0e3,0.0,0.0,0.0
0.9815,77067.0,0.0,273.525,0.0025,0.0,0.0,0.0,0.0,0.0,0.0,0.0,0.0,0.0,0.0,0.0,0.0,0.0,1.5e9,1.0e3,0.0,0.0,0.0
1.0113,79975.0,0.0,275.475,0.0032,0.0,0.0,0.0,0.0,0.0,0.0,0.0,0.0,0.0,0.0,0.0,0.0,0.0,1.5e9,1.0e3,0.0,0.0,0.0
1.0424,83017.0,0.0,277.425,0.0080,0.0,0.0003,2.0e8,0.0,0.0,0.0,0.0,0.0,0.0,0.0,0.0,0.0,0.0,1.5e9,1.0e3,0.0,0.0,0.0
1.0738,86117.0,0.0,279.375,0.0095,0.0,0.0003,2.0e8,0.0,0.0,0.0,0.0,0.0,0.0,0.0,0.0,0.0,0.0,1.5e9,1.0e3,0.0,0.0,0.0
1.1064,89347.0,0.0,281.325,0.0060,0.0,0.0,0.0,0.0,0.0,0.0,0.0,0.0,0.0,0.0,0.0,0.0,0.0,1.5e9,1.0e3,0.0,0.0,0.0
1.1391,92637.0,0.0,283.275,0.0070,0.0,0.0,0.0,0.0,0.0,0.0,0.0,0.0,0.0,0.0,0.0,0.0,0.0,1.5e9,1.0e3,0.0,0.0,0.0
1.1729,96041.0,0.0,285.225,0.0078,0.0,0.0,0.0,0.0,0.0,0.0,0.0,0.0,0.0,0.0,0.0,0.0,0.0,1.5e9,1.0e3,0.0,0.0,0.0
1.2074,99537.0,0.0,287.175,0.0085,0.0,0.0,0.0,0.0,0.0,0.0,0.0,0.0,0.0,0.0,0.0,0.0,0.0,1.5e9,1.0e3,0.0,0.0,0.0
